elapsed_s,timestamp,raw,phase,cycle_index
0.002,14:58:40.806,2632.0,inhale,1
0.002,14:58:40.806,2628.0,inhale,1
0.002,14:58:40.807,2621.0,inhale,1
0.002,14:58:40.807,2614.0,inhale,1
0.002,14:58:40.807,2611.0,inhale,1
0.003,14:58:40.807,2603.0,inhale,1
0.003,14:58:40.807,2601.0,inhale,1
0.003,14:58:40.807,2596.0,inhale,1
0.003,14:58:40.807,2590.0,inhale,1
0.003,14:58:40.808,2587.0,inhale,1
0.003,14:58:40.808,2585.0,inhale,1
0.003,14:58:40.808,2586.0,inhale,1
0.004,14:58:40.808,2585.0,inhale,1
0.004,14:58:40.808,2585.0,inhale,1
0.004,14:58:40.808,2587.0,inhale,1
0.004,14:58:40.808,2592.0,inhale,1
0.004,14:58:40.809,2592.0,inhale,1
0.004,14:58:40.809,2595.0,inhale,1
0.004,14:58:40.809,2597.0,inhale,1
0.004,14:58:40.809,2600.0,inhale,1
0.004,14:58:40.809,2597.0,inhale,1
0.004,14:58:40.809,2599.0,inhale,1
0.004,14:58:40.809,2600.0,inhale,1
0.005,14:58:40.809,2601.0,inhale,1
0.005,14:58:40.809,2601.0,inhale,1
0.005,14:58:40.809,2597.0,inhale,1
0.005,14:58:40.809,2605.0,inhale,1
0.005,14:58:40.809,2606.0,inhale,1
0.005,14:58:40.809,2610.0,inhale,1
0.005,14:58:40.809,2611.0,inhale,1
0.005,14:58:40.809,2612.0,inhale,1
0.005,14:58:40.810,2614.0,inhale,1
0.005,14:58:40.810,2616.0,inhale,1
0.005,14:58:40.810,2617.0,inhale,1
0.005,14:58:40.810,2617.0,inhale,1
0.005,14:58:40.810,2616.0,inhale,1
0.006,14:58:40.810,2620.0,inhale,1
0.006,14:58:40.810,2620.0,inhale,1
0.006,14:58:40.810,2625.0,inhale,1
0.006,14:58:40.810,2618.0,inhale,1
0.006,14:58:40.810,2622.0,inhale,1
0.006,14:58:40.810,2625.0,inhale,1
0.006,14:58:40.810,2623.0,inhale,1
0.006,14:58:40.811,2628.0,inhale,1
0.006,14:58:40.811,2625.0,inhale,1
0.006,14:58:40.811,2627.0,inhale,1
0.006,14:58:40.811,2627.0,inhale,1
0.006,14:58:40.811,2629.0,inhale,1
0.006,14:58:40.811,2625.0,inhale,1
0.007,14:58:40.811,2628.0,inhale,1
0.007,14:58:40.811,2627.0,inhale,1
0.007,14:58:40.811,2628.0,inhale,1
0.007,14:58:40.811,2625.0,inhale,1
0.007,14:58:40.811,2619.0,inhale,1
0.007,14:58:40.811,2616.0,inhale,1
0.007,14:58:40.811,2614.0,inhale,1
0.007,14:58:40.811,2615.0,inhale,1
0.007,14:58:40.812,2614.0,inhale,1
0.007,14:58:40.812,2615.0,inhale,1
0.007,14:58:40.812,2615.0,inhale,1
0.027,14:58:40.832,2618.0,inhale,1
0.077,14:58:40.882,2622.0,inhale,1
0.128,14:58:40.932,2614.0,inhale,1
0.177,14:58:40.982,2613.0,inhale,1
0.227,14:58:41.032,2613.0,inhale,1
0.277,14:58:41.082,2612.0,inhale,1
0.327,14:58:41.132,2606.0,inhale,1
0.377,14:58:41.182,2605.0,inhale,1
0.427,14:58:41.232,2613.0,inhale,1
0.477,14:58:41.282,2612.0,inhale,1
0.527,14:58:41.332,2615.0,inhale,1
0.577,14:58:41.382,2613.0,inhale,1
0.627,14:58:41.432,2617.0,inhale,1
0.677,14:58:41.482,2619.0,inhale,1
0.727,14:58:41.532,2619.0,inhale,1
0.777,14:58:41.582,2622.0,inhale,1
0.827,14:58:41.632,2621.0,inhale,1
0.877,14:58:41.682,2619.0,inhale,1
0.927,14:58:41.732,2616.0,inhale,1
0.977,14:58:41.782,2613.0,inhale,1
1.027,14:58:41.832,2606.0,inhale,1
1.077,14:58:41.882,2600.0,inhale,1
1.127,14:58:41.932,2596.0,inhale,1
1.177,14:58:41.982,2590.0,inhale,1
1.227,14:58:42.032,2589.0,inhale,1
1.277,14:58:42.082,2585.0,inhale,1
1.327,14:58:42.132,2583.0,inhale,1
1.377,14:58:42.182,2581.0,inhale,1
1.427,14:58:42.232,2579.0,inhale,1
1.477,14:58:42.282,2573.0,inhale,1
1.529,14:58:42.334,2567.0,exhale,1
1.577,14:58:42.382,2565.0,exhale,1
1.627,14:58:42.432,2567.0,exhale,1
1.678,14:58:42.482,2560.0,exhale,1
1.727,14:58:42.532,2554.0,exhale,1
1.778,14:58:42.582,2552.0,exhale,1
1.827,14:58:42.632,2551.0,exhale,1
1.877,14:58:42.682,2550.0,exhale,1
1.927,14:58:42.732,2546.0,exhale,1
1.977,14:58:42.782,2552.0,exhale,1
2.027,14:58:42.832,2566.0,exhale,1
2.077,14:58:42.882,2555.0,exhale,1
2.128,14:58:42.932,2557.0,exhale,1
2.177,14:58:42.982,2553.0,exhale,1
2.228,14:58:43.032,2556.0,exhale,1
2.277,14:58:43.082,2553.0,exhale,1
2.327,14:58:43.132,2547.0,exhale,1
2.377,14:58:43.182,2552.0,exhale,1
2.427,14:58:43.232,2549.0,exhale,1
2.478,14:58:43.282,2551.0,exhale,1
2.527,14:58:43.332,2551.0,exhale,1
2.577,14:58:43.382,2552.0,exhale,1
2.628,14:58:43.432,2557.0,exhale,1
2.677,14:58:43.482,2563.0,exhale,1
2.727,14:58:43.532,2568.0,exhale,1
2.778,14:58:43.582,2570.0,exhale,1
2.828,14:58:43.633,2572.0,exhale,1
2.877,14:58:43.682,2575.0,exhale,1
2.927,14:58:43.732,2578.0,exhale,1
2.977,14:58:43.782,2581.0,exhale,1
3.027,14:58:43.832,2582.0,exhale,1
3.077,14:58:43.882,2582.0,exhale,1
3.127,14:58:43.932,2581.0,exhale,1
3.177,14:58:43.982,2582.0,exhale,1
3.227,14:58:44.032,2585.0,exhale,1
3.277,14:58:44.082,2586.0,exhale,1
3.327,14:58:44.132,2587.0,exhale,1
3.377,14:58:44.182,2588.0,exhale,1
3.427,14:58:44.232,2588.0,exhale,1
3.477,14:58:44.282,2588.0,exhale,1
3.527,14:58:44.332,2588.0,exhale,1
3.577,14:58:44.382,2589.0,exhale,1
3.627,14:58:44.432,2588.0,exhale,1
3.677,14:58:44.482,2591.0,exhale,1
3.727,14:58:44.532,2593.0,exhale,1
3.777,14:58:44.582,2593.0,exhale,1
3.827,14:58:44.632,2595.0,exhale,1
3.877,14:58:44.682,2596.0,exhale,1
3.929,14:58:44.733,2600.0,exhale,1
3.977,14:58:44.782,2601.0,exhale,1
4.028,14:58:44.833,2603.0,inhale,2
4.077,14:58:44.882,2604.0,inhale,2
4.127,14:58:44.932,2604.0,inhale,2
4.177,14:58:44.982,2604.0,inhale,2
4.227,14:58:45.032,2602.0,inhale,2
4.277,14:58:45.082,2601.0,inhale,2
4.329,14:58:45.133,2601.0,inhale,2
4.377,14:58:45.182,2593.0,inhale,2
4.427,14:58:45.232,2589.0,inhale,2
4.477,14:58:45.282,2587.0,inhale,2
4.529,14:58:45.333,2583.0,inhale,2
4.577,14:58:45.382,2580.0,inhale,2
4.627,14:58:45.432,2579.0,inhale,2
4.677,14:58:45.482,2573.0,inhale,2
4.727,14:58:45.532,2571.0,inhale,2
4.777,14:58:45.582,2559.0,inhale,2
4.827,14:58:45.632,2567.0,inhale,2
4.877,14:58:45.682,2562.0,inhale,2
4.927,14:58:45.732,2562.0,inhale,2
4.977,14:58:45.782,2561.0,inhale,2
5.027,14:58:45.832,2557.0,inhale,2
5.077,14:58:45.882,2555.0,inhale,2
5.127,14:58:45.932,2554.0,inhale,2
5.177,14:58:45.982,2555.0,inhale,2
5.227,14:58:46.032,2554.0,inhale,2
5.277,14:58:46.082,2551.0,inhale,2
5.329,14:58:46.133,2553.0,inhale,2
5.377,14:58:46.182,2551.0,inhale,2
5.427,14:58:46.232,2551.0,inhale,2
5.477,14:58:46.282,2550.0,inhale,2
5.527,14:58:46.332,2549.0,exhale,2
5.577,14:58:46.382,2549.0,exhale,2
5.627,14:58:46.432,2549.0,exhale,2
5.677,14:58:46.482,2546.0,exhale,2
5.727,14:58:46.532,2543.0,exhale,2
5.777,14:58:46.582,2548.0,exhale,2
5.827,14:58:46.632,2545.0,exhale,2
5.877,14:58:46.682,2546.0,exhale,2
5.927,14:58:46.732,2549.0,exhale,2
5.977,14:58:46.782,2551.0,exhale,2
6.027,14:58:46.832,2552.0,exhale,2
6.077,14:58:46.882,2552.0,exhale,2
6.127,14:58:46.932,2550.0,exhale,2
6.177,14:58:46.982,2542.0,exhale,2
6.227,14:58:47.032,2547.0,exhale,2
6.277,14:58:47.082,2546.0,exhale,2
6.327,14:58:47.132,2546.0,exhale,2
6.377,14:58:47.182,2543.0,exhale,2
6.427,14:58:47.232,2542.0,exhale,2
6.477,14:58:47.282,2542.0,exhale,2
6.527,14:58:47.332,2542.0,exhale,2
6.577,14:58:47.382,2543.0,exhale,2
6.627,14:58:47.432,2543.0,exhale,2
6.677,14:58:47.482,2544.0,exhale,2
6.727,14:58:47.532,2545.0,exhale,2
6.777,14:58:47.582,2545.0,exhale,2
6.827,14:58:47.632,2544.0,exhale,2
6.877,14:58:47.682,2548.0,exhale,2
6.927,14:58:47.732,2552.0,exhale,2
6.977,14:58:47.782,2553.0,exhale,2
7.027,14:58:47.832,2556.0,exhale,2
7.077,14:58:47.882,2565.0,exhale,2
7.127,14:58:47.932,2567.0,exhale,2
7.177,14:58:47.982,2571.0,exhale,2
7.227,14:58:48.032,2573.0,exhale,2
7.277,14:58:48.082,2575.0,exhale,2
7.327,14:58:48.132,2580.0,exhale,2
7.377,14:58:48.182,2577.0,exhale,2
7.427,14:58:48.232,2580.0,exhale,2
7.477,14:58:48.282,2590.0,exhale,2
7.527,14:58:48.332,2583.0,exhale,2
7.577,14:58:48.382,2584.0,exhale,2
7.627,14:58:48.432,2588.0,exhale,2
7.677,14:58:48.482,2590.0,exhale,2
7.727,14:58:48.532,2590.0,exhale,2
7.777,14:58:48.582,2585.0,exhale,2
7.827,14:58:48.632,2594.0,exhale,2
7.877,14:58:48.682,2596.0,exhale,2
7.927,14:58:48.732,2598.0,exhale,2
7.977,14:58:48.782,2597.0,exhale,2
8.029,14:58:48.833,2605.0,inhale,3
8.077,14:58:48.882,2604.0,inhale,3
8.127,14:58:48.932,2598.0,inhale,3
8.177,14:58:48.982,2591.0,inhale,3
8.227,14:58:49.032,2599.0,inhale,3
8.277,14:58:49.082,2599.0,inhale,3
8.327,14:58:49.132,2598.0,inhale,3
8.377,14:58:49.182,2597.0,inhale,3
8.427,14:58:49.232,2593.0,inhale,3
8.477,14:58:49.282,2589.0,inhale,3
8.527,14:58:49.332,2593.0,inhale,3
8.577,14:58:49.382,2583.0,inhale,3
8.627,14:58:49.432,2581.0,inhale,3
8.677,14:58:49.482,2577.0,inhale,3
8.727,14:58:49.532,2573.0,inhale,3
8.777,14:58:49.582,2570.0,inhale,3
8.827,14:58:49.632,2566.0,inhale,3
8.877,14:58:49.682,2577.0,inhale,3
8.927,14:58:49.732,2565.0,inhale,3
8.977,14:58:49.782,2566.0,inhale,3
9.027,14:58:49.832,2577.0,inhale,3
9.077,14:58:49.882,2556.0,inhale,3
9.127,14:58:49.932,2557.0,inhale,3
9.177,14:58:49.982,2554.0,inhale,3
9.227,14:58:50.032,2554.0,inhale,3
9.277,14:58:50.082,2554.0,inhale,3
9.327,14:58:50.132,2553.0,inhale,3
9.377,14:58:50.182,2552.0,inhale,3
9.430,14:58:50.234,2552.0,inhale,3
9.477,14:58:50.282,2561.0,inhale,3
9.527,14:58:50.332,2554.0,exhale,3
9.577,14:58:50.382,2555.0,exhale,3
9.627,14:58:50.432,2556.0,exhale,3
9.677,14:58:50.482,2555.0,exhale,3
9.727,14:58:50.532,2557.0,exhale,3
9.777,14:58:50.582,2556.0,exhale,3
9.827,14:58:50.632,2565.0,exhale,3
9.877,14:58:50.682,2565.0,exhale,3
9.928,14:58:50.732,2566.0,exhale,3
9.978,14:58:50.782,2568.0,exhale,3
10.027,14:58:50.832,2581.0,exhale,3
10.077,14:58:50.882,2570.0,exhale,3
10.127,14:58:50.932,2565.0,exhale,3
10.177,14:58:50.982,2567.0,exhale,3
10.227,14:58:51.032,2563.0,exhale,3
10.277,14:58:51.082,2563.0,exhale,3
10.327,14:58:51.132,2566.0,exhale,3
10.377,14:58:51.182,2565.0,exhale,3
10.427,14:58:51.232,2562.0,exhale,3
10.477,14:58:51.282,2563.0,exhale,3
10.527,14:58:51.332,2566.0,exhale,3
10.578,14:58:51.382,2566.0,exhale,3
10.627,14:58:51.432,2567.0,exhale,3
10.677,14:58:51.482,2570.0,exhale,3
10.727,14:58:51.532,2569.0,exhale,3
10.777,14:58:51.582,2571.0,exhale,3
10.827,14:58:51.632,2574.0,exhale,3
10.877,14:58:51.682,2573.0,exhale,3
10.927,14:58:51.732,2574.0,exhale,3
10.977,14:58:51.782,2579.0,exhale,3
11.027,14:58:51.832,2579.0,exhale,3
11.077,14:58:51.882,2589.0,exhale,3
11.127,14:58:51.932,2584.0,exhale,3
11.177,14:58:51.982,2585.0,exhale,3
11.227,14:58:52.032,2586.0,exhale,3
11.277,14:58:52.082,2587.0,exhale,3
11.328,14:58:52.133,2588.0,exhale,3
11.378,14:58:52.182,2601.0,exhale,3
11.427,14:58:52.232,2591.0,exhale,3
11.477,14:58:52.282,2591.0,exhale,3
11.527,14:58:52.332,2591.0,exhale,3
11.577,14:58:52.382,2592.0,exhale,3
11.627,14:58:52.432,2597.0,exhale,3
11.677,14:58:52.482,2595.0,exhale,3
11.727,14:58:52.532,2596.0,exhale,3
11.777,14:58:52.582,2597.0,exhale,3
11.827,14:58:52.632,2598.0,exhale,3
11.877,14:58:52.682,2613.0,exhale,3
11.927,14:58:52.732,2601.0,exhale,3
11.977,14:58:52.782,2611.0,exhale,3
12.028,14:58:52.832,2611.0,inhale,4
12.077,14:58:52.882,2603.0,inhale,4
12.128,14:58:52.933,2605.0,inhale,4
12.177,14:58:52.982,2598.0,inhale,4
12.227,14:58:53.032,2597.0,inhale,4
12.277,14:58:53.082,2596.0,inhale,4
12.327,14:58:53.132,2592.0,inhale,4
12.377,14:58:53.182,2590.0,inhale,4
12.427,14:58:53.232,2584.0,inhale,4
12.477,14:58:53.282,2588.0,inhale,4
12.527,14:58:53.332,2585.0,inhale,4
12.577,14:58:53.382,2577.0,inhale,4
12.627,14:58:53.432,2576.0,inhale,4
12.677,14:58:53.482,2573.0,inhale,4
12.727,14:58:53.532,2572.0,inhale,4
12.777,14:58:53.582,2573.0,inhale,4
12.827,14:58:53.632,2571.0,inhale,4
12.889,14:58:53.693,2568.0,inhale,4
12.927,14:58:53.732,2567.0,inhale,4
12.977,14:58:53.782,2569.0,inhale,4
13.027,14:58:53.832,2569.0,inhale,4
13.077,14:58:53.882,2568.0,inhale,4
13.127,14:58:53.932,2568.0,inhale,4
13.177,14:58:53.982,2567.0,inhale,4
13.227,14:58:54.032,2567.0,inhale,4
13.277,14:58:54.082,2564.0,inhale,4
13.327,14:58:54.132,2562.0,inhale,4
13.377,14:58:54.182,2557.0,inhale,4
13.427,14:58:54.232,2556.0,inhale,4
13.477,14:58:54.282,2556.0,inhale,4
13.527,14:58:54.332,2556.0,exhale,4
13.577,14:58:54.382,2566.0,exhale,4
13.627,14:58:54.432,2565.0,exhale,4
13.677,14:58:54.482,2568.0,exhale,4
13.727,14:58:54.532,2569.0,exhale,4
13.777,14:58:54.582,2570.0,exhale,4
13.827,14:58:54.632,2580.0,exhale,4
13.877,14:58:54.682,2574.0,exhale,4
13.927,14:58:54.732,2571.0,exhale,4
13.977,14:58:54.782,2567.0,exhale,4
14.028,14:58:54.832,2569.0,exhale,4
14.077,14:58:54.882,2570.0,exhale,4
14.127,14:58:54.932,2567.0,exhale,4
14.177,14:58:54.982,2571.0,exhale,4
14.227,14:58:55.032,2568.0,exhale,4
14.277,14:58:55.082,2569.0,exhale,4
14.327,14:58:55.132,2566.0,exhale,4
14.377,14:58:55.182,2567.0,exhale,4
14.427,14:58:55.232,2564.0,exhale,4
14.477,14:58:55.282,2568.0,exhale,4
14.527,14:58:55.332,2567.0,exhale,4
14.577,14:58:55.382,2569.0,exhale,4
14.627,14:58:55.432,2574.0,exhale,4
14.677,14:58:55.482,2572.0,exhale,4
14.727,14:58:55.532,2570.0,exhale,4
14.777,14:58:55.582,2577.0,exhale,4
14.827,14:58:55.632,2579.0,exhale,4
14.877,14:58:55.682,2581.0,exhale,4
14.927,14:58:55.732,2586.0,exhale,4
14.977,14:58:55.782,2580.0,exhale,4
15.027,14:58:55.832,2584.0,exhale,4
15.077,14:58:55.882,2585.0,exhale,4
15.127,14:58:55.932,2586.0,exhale,4
15.177,14:58:55.982,2587.0,exhale,4
15.227,14:58:56.032,2591.0,exhale,4
15.277,14:58:56.082,2591.0,exhale,4
15.327,14:58:56.132,2592.0,exhale,4
15.377,14:58:56.182,2594.0,exhale,4
15.427,14:58:56.232,2594.0,exhale,4
15.477,14:58:56.282,2596.0,exhale,4
15.527,14:58:56.332,2598.0,exhale,4
15.577,14:58:56.382,2596.0,exhale,4
15.627,14:58:56.432,2599.0,exhale,4
15.677,14:58:56.482,2598.0,exhale,4
15.727,14:58:56.532,2599.0,exhale,4
15.777,14:58:56.582,2600.0,exhale,4
15.827,14:58:56.632,2610.0,exhale,4
15.877,14:58:56.682,2603.0,exhale,4
15.927,14:58:56.732,2604.0,exhale,4
15.977,14:58:56.782,2608.0,exhale,4
16.027,14:58:56.832,2607.0,inhale,5
16.077,14:58:56.882,2606.0,inhale,5
16.127,14:58:56.932,2607.0,inhale,5
16.177,14:58:56.982,2605.0,inhale,5
16.227,14:58:57.032,2604.0,inhale,5
16.277,14:58:57.082,2600.0,inhale,5
16.327,14:58:57.132,2598.0,inhale,5
16.377,14:58:57.182,2596.0,inhale,5
16.427,14:58:57.232,2594.0,inhale,5
16.477,14:58:57.282,2589.0,inhale,5
16.527,14:58:57.332,2588.0,inhale,5
16.577,14:58:57.382,2584.0,inhale,5
16.627,14:58:57.432,2582.0,inhale,5
16.677,14:58:57.482,2580.0,inhale,5
16.727,14:58:57.532,2580.0,inhale,5
16.777,14:58:57.582,2575.0,inhale,5
16.829,14:58:57.633,2571.0,inhale,5
16.877,14:58:57.682,2572.0,inhale,5
16.927,14:58:57.732,2571.0,inhale,5
16.977,14:58:57.782,2571.0,inhale,5
17.027,14:58:57.832,2569.0,inhale,5
17.077,14:58:57.882,2571.0,inhale,5
17.127,14:58:57.932,2569.0,inhale,5
17.177,14:58:57.982,2571.0,inhale,5
17.227,14:58:58.032,2570.0,inhale,5
17.277,14:58:58.082,2568.0,inhale,5
17.327,14:58:58.132,2569.0,inhale,5
17.377,14:58:58.182,2566.0,inhale,5
17.427,14:58:58.232,2567.0,inhale,5
17.477,14:58:58.282,2563.0,inhale,5
17.527,14:58:58.332,2561.0,exhale,5
17.577,14:58:58.382,2562.0,exhale,5
17.627,14:58:58.432,2560.0,exhale,5
17.677,14:58:58.482,2552.0,exhale,5
17.727,14:58:58.532,2565.0,exhale,5
17.777,14:58:58.582,2554.0,exhale,5
17.827,14:58:58.632,2562.0,exhale,5
17.877,14:58:58.682,2555.0,exhale,5
17.927,14:58:58.732,2567.0,exhale,5
17.977,14:58:58.782,2567.0,exhale,5
18.027,14:58:58.832,2568.0,exhale,5
18.077,14:58:58.882,2566.0,exhale,5
18.130,14:58:58.935,2569.0,exhale,5
18.177,14:58:58.982,2568.0,exhale,5
18.227,14:58:59.032,2568.0,exhale,5
18.277,14:58:59.082,2567.0,exhale,5
18.327,14:58:59.132,2565.0,exhale,5
18.377,14:58:59.182,2561.0,exhale,5
18.427,14:58:59.232,2553.0,exhale,5
18.477,14:58:59.282,2555.0,exhale,5
18.527,14:58:59.332,2568.0,exhale,5
18.577,14:58:59.382,2557.0,exhale,5
18.627,14:58:59.432,2556.0,exhale,5
18.677,14:58:59.482,2561.0,exhale,5
18.727,14:58:59.532,2563.0,exhale,5
18.777,14:58:59.582,2569.0,exhale,5
18.827,14:58:59.632,2564.0,exhale,5
18.877,14:58:59.682,2568.0,exhale,5
18.927,14:58:59.732,2569.0,exhale,5
18.977,14:58:59.782,2571.0,exhale,5
19.027,14:58:59.832,2571.0,exhale,5
19.077,14:58:59.882,2572.0,exhale,5
19.127,14:58:59.932,2576.0,exhale,5
19.177,14:58:59.982,2579.0,exhale,5
19.227,14:59:00.032,2581.0,exhale,5
19.277,14:59:00.082,2583.0,exhale,5
19.327,14:59:00.132,2581.0,exhale,5
19.377,14:59:00.182,2585.0,exhale,5
19.427,14:59:00.232,2587.0,exhale,5
19.477,14:59:00.282,2596.0,exhale,5
19.527,14:59:00.332,2587.0,exhale,5
19.577,14:59:00.382,2588.0,exhale,5
19.627,14:59:00.432,2582.0,exhale,5
19.677,14:59:00.482,2586.0,exhale,5
19.727,14:59:00.532,2591.0,exhale,5
19.777,14:59:00.582,2594.0,exhale,5
19.827,14:59:00.632,2596.0,exhale,5
19.877,14:59:00.682,2599.0,exhale,5
19.927,14:59:00.732,2592.0,exhale,5
19.977,14:59:00.782,2603.0,exhale,5
20.027,14:59:00.832,2607.0,inhale,6
20.077,14:59:00.882,2603.0,inhale,6
20.127,14:59:00.932,2600.0,inhale,6
20.177,14:59:00.982,2588.0,inhale,6
20.227,14:59:01.032,2596.0,inhale,6
20.277,14:59:01.082,2591.0,inhale,6
20.327,14:59:01.132,2592.0,inhale,6
20.377,14:59:01.182,2587.0,inhale,6
20.427,14:59:01.232,2585.0,inhale,6
20.477,14:59:01.282,2583.0,inhale,6
20.527,14:59:01.332,2582.0,inhale,6
20.577,14:59:01.382,2580.0,inhale,6
20.627,14:59:01.432,2579.0,inhale,6
20.677,14:59:01.482,2576.0,inhale,6
20.727,14:59:01.532,2578.0,inhale,6
20.777,14:59:01.582,2574.0,inhale,6
20.827,14:59:01.632,2573.0,inhale,6
20.877,14:59:01.682,2572.0,inhale,6
20.927,14:59:01.732,2579.0,inhale,6
20.978,14:59:01.782,2570.0,inhale,6
21.027,14:59:01.832,2572.0,inhale,6
21.077,14:59:01.882,2583.0,inhale,6
21.127,14:59:01.932,2570.0,inhale,6
21.177,14:59:01.982,2565.0,inhale,6
21.227,14:59:02.032,2570.0,inhale,6
21.277,14:59:02.082,2589.0,inhale,6
21.327,14:59:02.132,2572.0,inhale,6
21.377,14:59:02.182,2571.0,inhale,6
21.427,14:59:02.232,2571.0,inhale,6
21.477,14:59:02.282,2562.0,inhale,6
21.527,14:59:02.332,2569.0,exhale,6
21.577,14:59:02.382,2578.0,exhale,6
21.627,14:59:02.432,2565.0,exhale,6
21.677,14:59:02.482,2564.0,exhale,6
21.727,14:59:02.532,2567.0,exhale,6
21.777,14:59:02.582,2580.0,exhale,6
21.827,14:59:02.632,2570.0,exhale,6
21.877,14:59:02.682,2575.0,exhale,6
21.927,14:59:02.732,2577.0,exhale,6
21.977,14:59:02.782,2576.0,exhale,6
22.027,14:59:02.832,2576.0,exhale,6
22.077,14:59:02.882,2580.0,exhale,6
22.127,14:59:02.932,2577.0,exhale,6
22.177,14:59:02.982,2575.0,exhale,6
22.227,14:59:03.032,2574.0,exhale,6
22.277,14:59:03.082,2574.0,exhale,6
22.327,14:59:03.132,2573.0,exhale,6
22.377,14:59:03.182,2570.0,exhale,6
22.429,14:59:03.234,2571.0,exhale,6
22.477,14:59:03.282,2569.0,exhale,6
22.527,14:59:03.332,2570.0,exhale,6
22.577,14:59:03.382,2559.0,exhale,6
22.627,14:59:03.432,2568.0,exhale,6
22.677,14:59:03.482,2568.0,exhale,6
22.727,14:59:03.532,2568.0,exhale,6
22.777,14:59:03.582,2570.0,exhale,6
22.827,14:59:03.632,2573.0,exhale,6
22.877,14:59:03.682,2573.0,exhale,6
22.927,14:59:03.732,2577.0,exhale,6
22.977,14:59:03.782,2578.0,exhale,6
23.027,14:59:03.832,2581.0,exhale,6
23.077,14:59:03.882,2571.0,exhale,6
23.127,14:59:03.932,2581.0,exhale,6
23.177,14:59:03.982,2581.0,exhale,6
23.227,14:59:04.032,2590.0,exhale,6
23.277,14:59:04.082,2585.0,exhale,6
23.327,14:59:04.132,2588.0,exhale,6
23.377,14:59:04.182,2587.0,exhale,6
23.427,14:59:04.232,2583.0,exhale,6
23.477,14:59:04.282,2592.0,exhale,6
23.527,14:59:04.332,2596.0,exhale,6
23.577,14:59:04.382,2599.0,exhale,6
23.627,14:59:04.432,2598.0,exhale,6
23.677,14:59:04.482,2605.0,exhale,6
23.727,14:59:04.532,2595.0,exhale,6
23.777,14:59:04.582,2591.0,exhale,6
23.827,14:59:04.632,2589.0,exhale,6
23.877,14:59:04.682,2590.0,exhale,6
23.927,14:59:04.732,2588.0,exhale,6
23.977,14:59:04.782,2587.0,exhale,6
24.027,14:59:04.832,2584.0,inhale,7
24.077,14:59:04.882,2584.0,inhale,7
24.127,14:59:04.932,2583.0,inhale,7
24.177,14:59:04.982,2582.0,inhale,7
24.227,14:59:05.032,2585.0,inhale,7
24.277,14:59:05.082,2579.0,inhale,7
24.327,14:59:05.132,2578.0,inhale,7
24.377,14:59:05.182,2585.0,inhale,7
24.427,14:59:05.232,2580.0,inhale,7
24.477,14:59:05.282,2577.0,inhale,7
24.527,14:59:05.332,2573.0,inhale,7
24.577,14:59:05.382,2577.0,inhale,7
24.627,14:59:05.432,2576.0,inhale,7
24.677,14:59:05.482,2576.0,inhale,7
24.727,14:59:05.532,2578.0,inhale,7
24.777,14:59:05.582,2575.0,inhale,7
24.827,14:59:05.632,2577.0,inhale,7
24.877,14:59:05.682,2572.0,inhale,7
24.927,14:59:05.732,2572.0,inhale,7
24.977,14:59:05.782,2573.0,inhale,7
25.027,14:59:05.832,2570.0,inhale,7
25.077,14:59:05.882,2572.0,inhale,7
25.127,14:59:05.932,2573.0,inhale,7
25.177,14:59:05.982,2572.0,inhale,7
25.227,14:59:06.032,2577.0,inhale,7
25.277,14:59:06.082,2577.0,inhale,7
25.327,14:59:06.132,2583.0,inhale,7
25.377,14:59:06.182,2579.0,inhale,7
25.427,14:59:06.232,2572.0,inhale,7
25.477,14:59:06.282,2581.0,inhale,7
25.527,14:59:06.332,2582.0,exhale,7
25.577,14:59:06.382,2582.0,exhale,7
25.627,14:59:06.432,2582.0,exhale,7
25.677,14:59:06.482,2583.0,exhale,7
25.727,14:59:06.532,2586.0,exhale,7
25.777,14:59:06.582,2583.0,exhale,7
25.827,14:59:06.632,2580.0,exhale,7
25.877,14:59:06.682,2580.0,exhale,7
25.927,14:59:06.732,2580.0,exhale,7
25.977,14:59:06.782,2579.0,exhale,7
26.027,14:59:06.832,2579.0,exhale,7
26.077,14:59:06.882,2577.0,exhale,7
26.127,14:59:06.932,2578.0,exhale,7
26.177,14:59:06.982,2581.0,exhale,7
26.227,14:59:07.032,2581.0,exhale,7
26.277,14:59:07.082,2578.0,exhale,7
26.327,14:59:07.132,2574.0,exhale,7
26.377,14:59:07.182,2576.0,exhale,7
26.427,14:59:07.232,2579.0,exhale,7
26.477,14:59:07.282,2582.0,exhale,7
26.527,14:59:07.332,2578.0,exhale,7
26.577,14:59:07.382,2577.0,exhale,7
26.627,14:59:07.432,2580.0,exhale,7
26.677,14:59:07.482,2580.0,exhale,7
26.727,14:59:07.532,2581.0,exhale,7
26.777,14:59:07.582,2582.0,exhale,7
26.828,14:59:07.633,2582.0,exhale,7
26.877,14:59:07.682,2586.0,exhale,7
26.927,14:59:07.732,2589.0,exhale,7
26.977,14:59:07.782,2591.0,exhale,7
27.027,14:59:07.832,2597.0,exhale,7
27.077,14:59:07.882,2597.0,exhale,7
27.127,14:59:07.932,2595.0,exhale,7
27.177,14:59:07.982,2595.0,exhale,7
27.227,14:59:08.032,2592.0,exhale,7
27.277,14:59:08.082,2590.0,exhale,7
27.327,14:59:08.132,2591.0,exhale,7
27.377,14:59:08.182,2601.0,exhale,7
27.427,14:59:08.232,2594.0,exhale,7
27.477,14:59:08.282,2595.0,exhale,7
27.527,14:59:08.332,2598.0,exhale,7
27.577,14:59:08.382,2600.0,exhale,7
27.627,14:59:08.432,2601.0,exhale,7
27.677,14:59:08.482,2610.0,exhale,7
27.727,14:59:08.532,2603.0,exhale,7
27.777,14:59:08.582,2604.0,exhale,7
27.827,14:59:08.632,2604.0,exhale,7
27.877,14:59:08.682,2605.0,exhale,7
27.927,14:59:08.732,2600.0,exhale,7
27.977,14:59:08.782,2599.0,exhale,7
28.027,14:59:08.832,2594.0,inhale,8
28.077,14:59:08.882,2594.0,inhale,8
28.127,14:59:08.932,2587.0,inhale,8
28.177,14:59:08.982,2584.0,inhale,8
28.227,14:59:09.032,2585.0,inhale,8
28.277,14:59:09.082,2570.0,inhale,8
28.327,14:59:09.132,2578.0,inhale,8
28.377,14:59:09.182,2579.0,inhale,8
28.427,14:59:09.232,2578.0,inhale,8
28.477,14:59:09.282,2576.0,inhale,8
28.527,14:59:09.332,2573.0,inhale,8
28.577,14:59:09.382,2576.0,inhale,8
28.627,14:59:09.432,2578.0,inhale,8
28.677,14:59:09.482,2576.0,inhale,8
28.727,14:59:09.532,2575.0,inhale,8
28.777,14:59:09.582,2578.0,inhale,8
28.827,14:59:09.632,2577.0,inhale,8
28.877,14:59:09.682,2576.0,inhale,8
28.927,14:59:09.732,2573.0,inhale,8
28.977,14:59:09.782,2568.0,inhale,8
29.027,14:59:09.832,2570.0,inhale,8
29.077,14:59:09.882,2568.0,inhale,8
29.127,14:59:09.932,2567.0,inhale,8
29.177,14:59:09.982,2565.0,inhale,8
29.227,14:59:10.032,2567.0,inhale,8
29.277,14:59:10.082,2569.0,inhale,8
29.327,14:59:10.132,2570.0,inhale,8
29.377,14:59:10.182,2570.0,inhale,8
29.427,14:59:10.232,2572.0,inhale,8
29.477,14:59:10.282,2571.0,inhale,8
29.527,14:59:10.332,2572.0,exhale,8
29.577,14:59:10.382,2572.0,exhale,8
29.627,14:59:10.432,2574.0,exhale,8
29.677,14:59:10.482,2575.0,exhale,8
29.727,14:59:10.532,2575.0,exhale,8
29.778,14:59:10.582,2576.0,exhale,8
29.827,14:59:10.632,2576.0,exhale,8
29.877,14:59:10.682,2577.0,exhale,8
29.928,14:59:10.733,2575.0,exhale,8
29.977,14:59:10.782,2572.0,exhale,8
30.027,14:59:10.832,2571.0,exhale,8
30.077,14:59:10.882,2569.0,exhale,8
30.127,14:59:10.932,2570.0,exhale,8
30.177,14:59:10.982,2570.0,exhale,8
30.227,14:59:11.032,2566.0,exhale,8
30.277,14:59:11.082,2566.0,exhale,8
30.327,14:59:11.132,2567.0,exhale,8
30.377,14:59:11.182,2566.0,exhale,8
30.427,14:59:11.232,2568.0,exhale,8
30.477,14:59:11.282,2562.0,exhale,8
30.527,14:59:11.332,2569.0,exhale,8
30.577,14:59:11.382,2567.0,exhale,8
30.627,14:59:11.432,2561.0,exhale,8
30.677,14:59:11.482,2569.0,exhale,8
30.727,14:59:11.532,2576.0,exhale,8
30.777,14:59:11.582,2574.0,exhale,8
30.827,14:59:11.632,2576.0,exhale,8
30.877,14:59:11.682,2578.0,exhale,8
30.927,14:59:11.732,2580.0,exhale,8
30.977,14:59:11.782,2594.0,exhale,8
31.027,14:59:11.832,2582.0,exhale,8
31.077,14:59:11.882,2582.0,exhale,8
31.129,14:59:11.933,2584.0,exhale,8
31.177,14:59:11.982,2582.0,exhale,8
31.227,14:59:12.032,2580.0,exhale,8
31.277,14:59:12.082,2584.0,exhale,8
31.327,14:59:12.132,2586.0,exhale,8
31.377,14:59:12.182,2587.0,exhale,8
31.427,14:59:12.232,2587.0,exhale,8
31.477,14:59:12.282,2581.0,exhale,8
31.527,14:59:12.332,2592.0,exhale,8
31.577,14:59:12.382,2594.0,exhale,8
31.627,14:59:12.432,2595.0,exhale,8
31.677,14:59:12.482,2596.0,exhale,8
31.727,14:59:12.532,2598.0,exhale,8
31.777,14:59:12.582,2598.0,exhale,8
31.827,14:59:12.632,2599.0,exhale,8
31.877,14:59:12.682,2599.0,exhale,8
31.927,14:59:12.732,2598.0,exhale,8
31.977,14:59:12.782,2605.0,exhale,8
32.027,14:59:12.832,2595.0,inhale,9
32.077,14:59:12.882,2590.0,inhale,9
32.127,14:59:12.932,2585.0,inhale,9
32.177,14:59:12.982,2580.0,inhale,9
32.227,14:59:13.032,2577.0,inhale,9
32.277,14:59:13.082,2575.0,inhale,9
32.327,14:59:13.132,2576.0,inhale,9
32.377,14:59:13.182,2574.0,inhale,9
32.428,14:59:13.232,2574.0,inhale,9
32.477,14:59:13.282,2571.0,inhale,9
32.527,14:59:13.332,2572.0,inhale,9
32.577,14:59:13.382,2572.0,inhale,9
32.627,14:59:13.432,2577.0,inhale,9
32.677,14:59:13.482,2573.0,inhale,9
32.729,14:59:13.534,2572.0,inhale,9
32.777,14:59:13.582,2571.0,inhale,9
32.827,14:59:13.632,2572.0,inhale,9
32.877,14:59:13.682,2571.0,inhale,9
32.927,14:59:13.732,2571.0,inhale,9
32.977,14:59:13.782,2569.0,inhale,9
33.027,14:59:13.832,2568.0,inhale,9
33.077,14:59:13.882,2569.0,inhale,9
33.127,14:59:13.932,2567.0,inhale,9
33.177,14:59:13.982,2568.0,inhale,9
33.227,14:59:14.032,2567.0,inhale,9
33.277,14:59:14.082,2569.0,inhale,9
33.327,14:59:14.132,2570.0,inhale,9
33.377,14:59:14.182,2569.0,inhale,9
33.427,14:59:14.232,2573.0,inhale,9
33.477,14:59:14.282,2575.0,inhale,9
33.527,14:59:14.332,2587.0,exhale,9
33.577,14:59:14.382,2577.0,exhale,9
33.627,14:59:14.432,2579.0,exhale,9
33.677,14:59:14.482,2578.0,exhale,9
33.727,14:59:14.532,2578.0,exhale,9
33.777,14:59:14.582,2579.0,exhale,9
33.827,14:59:14.632,2577.0,exhale,9
33.877,14:59:14.682,2578.0,exhale,9
33.927,14:59:14.732,2576.0,exhale,9
33.977,14:59:14.782,2580.0,exhale,9
34.027,14:59:14.832,2576.0,exhale,9
34.077,14:59:14.882,2571.0,exhale,9
34.127,14:59:14.932,2570.0,exhale,9
34.177,14:59:14.982,2572.0,exhale,9
34.227,14:59:15.032,2570.0,exhale,9
34.277,14:59:15.082,2569.0,exhale,9
34.327,14:59:15.132,2569.0,exhale,9
34.377,14:59:15.182,2569.0,exhale,9
34.427,14:59:15.232,2569.0,exhale,9
34.477,14:59:15.282,2570.0,exhale,9
34.528,14:59:15.333,2568.0,exhale,9
34.577,14:59:15.382,2567.0,exhale,9
34.627,14:59:15.432,2570.0,exhale,9
34.677,14:59:15.482,2573.0,exhale,9
34.727,14:59:15.532,2570.0,exhale,9
34.777,14:59:15.582,2574.0,exhale,9
34.827,14:59:15.632,2578.0,exhale,9
34.877,14:59:15.682,2579.0,exhale,9
34.927,14:59:15.732,2579.0,exhale,9
34.977,14:59:15.782,2580.0,exhale,9
35.027,14:59:15.832,2582.0,exhale,9
35.077,14:59:15.882,2583.0,exhale,9
35.127,14:59:15.932,2584.0,exhale,9
35.177,14:59:15.982,2583.0,exhale,9
35.227,14:59:16.032,2581.0,exhale,9
35.277,14:59:16.082,2583.0,exhale,9
35.327,14:59:16.132,2585.0,exhale,9
35.377,14:59:16.182,2588.0,exhale,9
35.427,14:59:16.232,2589.0,exhale,9
35.477,14:59:16.282,2590.0,exhale,9
35.527,14:59:16.332,2592.0,exhale,9
35.577,14:59:16.382,2594.0,exhale,9
35.627,14:59:16.432,2595.0,exhale,9
35.677,14:59:16.482,2596.0,exhale,9
35.727,14:59:16.532,2595.0,exhale,9
35.777,14:59:16.582,2598.0,exhale,9
35.827,14:59:16.632,2598.0,exhale,9
35.877,14:59:16.682,2597.0,exhale,9
35.927,14:59:16.732,2600.0,exhale,9
35.977,14:59:16.782,2600.0,exhale,9
36.027,14:59:16.832,2598.0,inhale,10
36.077,14:59:16.882,2597.0,inhale,10
36.127,14:59:16.932,2604.0,inhale,10
36.177,14:59:16.982,2590.0,inhale,10
36.227,14:59:17.032,2588.0,inhale,10
36.277,14:59:17.082,2583.0,inhale,10
36.327,14:59:17.132,2579.0,inhale,10
36.377,14:59:17.182,2581.0,inhale,10
36.427,14:59:17.232,2575.0,inhale,10
36.477,14:59:17.282,2580.0,inhale,10
36.527,14:59:17.332,2580.0,inhale,10
36.577,14:59:17.382,2580.0,inhale,10
36.627,14:59:17.432,2581.0,inhale,10
36.677,14:59:17.482,2577.0,inhale,10
36.727,14:59:17.532,2577.0,inhale,10
36.777,14:59:17.582,2574.0,inhale,10
36.827,14:59:17.632,2576.0,inhale,10
36.877,14:59:17.682,2576.0,inhale,10
36.927,14:59:17.732,2576.0,inhale,10
36.977,14:59:17.782,2575.0,inhale,10
37.027,14:59:17.832,2576.0,inhale,10
37.077,14:59:17.882,2577.0,inhale,10
37.127,14:59:17.932,2575.0,inhale,10
37.177,14:59:17.982,2577.0,inhale,10
37.227,14:59:18.032,2577.0,inhale,10
37.277,14:59:18.082,2585.0,inhale,10
37.327,14:59:18.132,2577.0,inhale,10
37.377,14:59:18.182,2579.0,inhale,10
37.427,14:59:18.232,2579.0,inhale,10
37.477,14:59:18.282,2578.0,inhale,10
37.528,14:59:18.332,2580.0,exhale,10
37.577,14:59:18.382,2582.0,exhale,10
37.627,14:59:18.432,2582.0,exhale,10
37.677,14:59:18.482,2575.0,exhale,10
37.727,14:59:18.532,2578.0,exhale,10
37.777,14:59:18.582,2585.0,exhale,10
37.828,14:59:18.632,2587.0,exhale,10
37.877,14:59:18.682,2585.0,exhale,10
37.927,14:59:18.732,2578.0,exhale,10
37.977,14:59:18.782,2585.0,exhale,10
38.027,14:59:18.832,2585.0,exhale,10
38.077,14:59:18.882,2584.0,exhale,10
38.127,14:59:18.932,2588.0,exhale,10
38.177,14:59:18.982,2584.0,exhale,10
38.227,14:59:19.032,2587.0,exhale,10
38.277,14:59:19.082,2584.0,exhale,10
38.327,14:59:19.132,2582.0,exhale,10
38.377,14:59:19.182,2572.0,exhale,10
38.427,14:59:19.232,2581.0,exhale,10
38.477,14:59:19.282,2579.0,exhale,10
38.527,14:59:19.332,2581.0,exhale,10
38.577,14:59:19.382,2580.0,exhale,10
38.627,14:59:19.432,2583.0,exhale,10
38.677,14:59:19.482,2578.0,exhale,10
38.727,14:59:19.532,2584.0,exhale,10
38.777,14:59:19.582,2587.0,exhale,10
38.827,14:59:19.632,2585.0,exhale,10
38.877,14:59:19.682,2585.0,exhale,10
38.927,14:59:19.732,2587.0,exhale,10
38.977,14:59:19.782,2588.0,exhale,10
39.027,14:59:19.832,2582.0,exhale,10
39.077,14:59:19.882,2589.0,exhale,10
39.127,14:59:19.932,2589.0,exhale,10
39.177,14:59:19.982,2592.0,exhale,10
39.227,14:59:20.032,2595.0,exhale,10
39.277,14:59:20.082,2596.0,exhale,10
39.327,14:59:20.132,2600.0,exhale,10
39.377,14:59:20.182,2597.0,exhale,10
39.427,14:59:20.232,2599.0,exhale,10
39.477,14:59:20.282,2600.0,exhale,10
39.527,14:59:20.332,2600.0,exhale,10
39.577,14:59:20.382,2601.0,exhale,10
39.627,14:59:20.432,2608.0,exhale,10
39.677,14:59:20.482,2601.0,exhale,10
39.727,14:59:20.532,2602.0,exhale,10
39.777,14:59:20.582,2603.0,exhale,10
39.827,14:59:20.632,2601.0,exhale,10
39.877,14:59:20.682,2603.0,exhale,10
39.927,14:59:20.732,2603.0,exhale,10
39.977,14:59:20.782,2603.0,exhale,10
40.027,14:59:20.832,2605.0,inhale,11
40.077,14:59:20.882,2605.0,inhale,11
40.127,14:59:20.932,2605.0,inhale,11
40.177,14:59:20.982,2604.0,inhale,11
40.227,14:59:21.032,2606.0,inhale,11
40.277,14:59:21.082,2599.0,inhale,11
40.327,14:59:21.132,2598.0,inhale,11
40.377,14:59:21.182,2595.0,inhale,11
40.427,14:59:21.232,2590.0,inhale,11
40.477,14:59:21.282,2589.0,inhale,11
40.527,14:59:21.332,2581.0,inhale,11
40.577,14:59:21.382,2588.0,inhale,11
40.627,14:59:21.432,2588.0,inhale,11
40.677,14:59:21.482,2584.0,inhale,11
40.727,14:59:21.532,2591.0,inhale,11
40.777,14:59:21.582,2581.0,inhale,11
40.827,14:59:21.632,2590.0,inhale,11
40.877,14:59:21.682,2583.0,inhale,11
40.927,14:59:21.732,2583.0,inhale,11
40.977,14:59:21.782,2582.0,inhale,11
41.027,14:59:21.832,2582.0,inhale,11
41.077,14:59:21.882,2580.0,inhale,11
41.127,14:59:21.932,2588.0,inhale,11
41.177,14:59:21.982,2579.0,inhale,11
41.227,14:59:22.032,2580.0,inhale,11
41.277,14:59:22.082,2581.0,inhale,11
41.327,14:59:22.132,2595.0,inhale,11
41.377,14:59:22.182,2580.0,inhale,11
41.427,14:59:22.232,2580.0,inhale,11
41.477,14:59:22.282,2581.0,inhale,11
41.527,14:59:22.332,2580.0,exhale,11
41.577,14:59:22.382,2579.0,exhale,11
41.627,14:59:22.432,2577.0,exhale,11
41.677,14:59:22.482,2576.0,exhale,11
41.727,14:59:22.532,2583.0,exhale,11
41.777,14:59:22.582,2586.0,exhale,11
41.827,14:59:22.632,2585.0,exhale,11
41.877,14:59:22.682,2587.0,exhale,11
41.927,14:59:22.732,2587.0,exhale,11
41.977,14:59:22.782,2577.0,exhale,11
42.027,14:59:22.832,2591.0,exhale,11
42.077,14:59:22.882,2587.0,exhale,11
42.127,14:59:22.932,2588.0,exhale,11
42.177,14:59:22.982,2588.0,exhale,11
42.227,14:59:23.032,2585.0,exhale,11
42.277,14:59:23.082,2584.0,exhale,11
42.327,14:59:23.132,2585.0,exhale,11
42.377,14:59:23.182,2584.0,exhale,11
42.427,14:59:23.232,2586.0,exhale,11
42.477,14:59:23.282,2582.0,exhale,11
42.527,14:59:23.332,2582.0,exhale,11
42.577,14:59:23.382,2581.0,exhale,11
42.627,14:59:23.432,2581.0,exhale,11
42.677,14:59:23.482,2577.0,exhale,11
42.727,14:59:23.532,2580.0,exhale,11
42.777,14:59:23.582,2581.0,exhale,11
42.827,14:59:23.632,2582.0,exhale,11
42.877,14:59:23.682,2575.0,exhale,11
42.927,14:59:23.732,2585.0,exhale,11
42.977,14:59:23.782,2585.0,exhale,11
43.027,14:59:23.832,2600.0,exhale,11
43.077,14:59:23.882,2589.0,exhale,11
43.127,14:59:23.932,2592.0,exhale,11
43.177,14:59:23.982,2588.0,exhale,11
43.227,14:59:24.032,2588.0,exhale,11
43.277,14:59:24.082,2588.0,exhale,11
43.327,14:59:24.132,2588.0,exhale,11
43.377,14:59:24.182,2589.0,exhale,11
43.428,14:59:24.233,2594.0,exhale,11
43.477,14:59:24.282,2596.0,exhale,11
43.527,14:59:24.332,2597.0,exhale,11
43.577,14:59:24.382,2599.0,exhale,11
43.627,14:59:24.432,2600.0,exhale,11
43.677,14:59:24.482,2600.0,exhale,11
43.727,14:59:24.532,2598.0,exhale,11
43.777,14:59:24.582,2596.0,exhale,11
43.827,14:59:24.632,2598.0,exhale,11
43.877,14:59:24.682,2595.0,exhale,11
43.927,14:59:24.732,2596.0,exhale,11
43.977,14:59:24.782,2594.0,exhale,11
44.027,14:59:24.832,2599.0,inhale,12
44.077,14:59:24.882,2594.0,inhale,12
44.127,14:59:24.932,2592.0,inhale,12
44.177,14:59:24.982,2589.0,inhale,12
44.229,14:59:25.034,2587.0,inhale,12
44.277,14:59:25.082,2587.0,inhale,12
44.327,14:59:25.132,2579.0,inhale,12
44.377,14:59:25.182,2584.0,inhale,12
44.427,14:59:25.232,2576.0,inhale,12
44.477,14:59:25.282,2580.0,inhale,12
44.527,14:59:25.332,2583.0,inhale,12
44.577,14:59:25.382,2583.0,inhale,12
44.627,14:59:25.432,2582.0,inhale,12
44.677,14:59:25.482,2590.0,inhale,12
44.727,14:59:25.532,2580.0,inhale,12
44.777,14:59:25.582,2577.0,inhale,12
44.827,14:59:25.632,2575.0,inhale,12
44.877,14:59:25.682,2565.0,inhale,12
44.927,14:59:25.732,2568.0,inhale,12
44.977,14:59:25.782,2561.0,inhale,12
45.027,14:59:25.832,2554.0,inhale,12
45.077,14:59:25.882,2553.0,inhale,12
45.127,14:59:25.932,2554.0,inhale,12
45.177,14:59:25.982,2560.0,inhale,12
45.227,14:59:26.032,2565.0,inhale,12
45.277,14:59:26.082,2576.0,inhale,12
45.327,14:59:26.132,2570.0,inhale,12
45.377,14:59:26.182,2569.0,inhale,12
45.427,14:59:26.232,2574.0,inhale,12
45.477,14:59:26.282,2571.0,inhale,12
45.527,14:59:26.332,2571.0,exhale,12
45.577,14:59:26.382,2572.0,exhale,12
45.627,14:59:26.432,2572.0,exhale,12
45.677,14:59:26.482,2573.0,exhale,12
45.727,14:59:26.532,2576.0,exhale,12
45.777,14:59:26.582,2577.0,exhale,12
45.827,14:59:26.632,2575.0,exhale,12
45.877,14:59:26.682,2573.0,exhale,12
45.927,14:59:26.732,2567.0,exhale,12
45.977,14:59:26.782,2568.0,exhale,12
46.027,14:59:26.832,2562.0,exhale,12
46.077,14:59:26.882,2566.0,exhale,12
46.127,14:59:26.932,2400.0,exhale,12
46.177,14:59:26.982,2522.0,exhale,12
46.227,14:59:27.032,2572.0,exhale,12
46.277,14:59:27.082,2569.0,exhale,12
46.327,14:59:27.132,2567.0,exhale,12
46.377,14:59:27.182,2551.0,exhale,12
46.427,14:59:27.232,2543.0,exhale,12
46.477,14:59:27.282,2551.0,exhale,12
46.527,14:59:27.332,2540.0,exhale,12
46.577,14:59:27.382,2542.0,exhale,12
46.627,14:59:27.432,2546.0,exhale,12
46.677,14:59:27.482,2547.0,exhale,12
46.727,14:59:27.532,2551.0,exhale,12
46.777,14:59:27.582,2568.0,exhale,12
46.827,14:59:27.632,2489.0,exhale,12
46.877,14:59:27.682,2545.0,exhale,12
46.927,14:59:27.732,2497.0,exhale,12
46.977,14:59:27.782,2342.0,exhale,12
47.027,14:59:27.832,2538.0,exhale,12
47.077,14:59:27.882,2549.0,exhale,12
47.127,14:59:27.932,2560.0,exhale,12
47.177,14:59:27.982,2592.0,exhale,12
47.227,14:59:28.032,2513.0,exhale,12
47.277,14:59:28.082,2545.0,exhale,12
47.327,14:59:28.132,2515.0,exhale,12
47.377,14:59:28.182,2579.0,exhale,12
47.427,14:59:28.232,2581.0,exhale,12
47.477,14:59:28.282,2583.0,exhale,12
47.527,14:59:28.332,2585.0,exhale,12
47.577,14:59:28.382,2585.0,exhale,12
47.627,14:59:28.432,2590.0,exhale,12
47.677,14:59:28.482,2589.0,exhale,12
47.729,14:59:28.533,2597.0,exhale,12
47.777,14:59:28.582,2590.0,exhale,12
47.827,14:59:28.632,2591.0,exhale,12
47.877,14:59:28.682,2589.0,exhale,12
47.927,14:59:28.732,2591.0,exhale,12
47.977,14:59:28.782,2578.0,exhale,12
48.027,14:59:28.832,2584.0,inhale,13
48.077,14:59:28.882,2587.0,inhale,13
48.127,14:59:28.932,2581.0,inhale,13
48.177,14:59:28.982,2583.0,inhale,13
48.227,14:59:29.032,2574.0,inhale,13
48.277,14:59:29.082,2567.0,inhale,13
48.327,14:59:29.132,2569.0,inhale,13
48.377,14:59:29.182,2567.0,inhale,13
48.427,14:59:29.232,2559.0,inhale,13
48.477,14:59:29.282,2558.0,inhale,13
48.527,14:59:29.332,2563.0,inhale,13
48.577,14:59:29.382,2556.0,inhale,13
48.627,14:59:29.432,2556.0,inhale,13
48.677,14:59:29.482,2556.0,inhale,13
48.727,14:59:29.531,2558.0,inhale,13
48.777,14:59:29.582,2548.0,inhale,13
48.827,14:59:29.632,2558.0,inhale,13
48.877,14:59:29.682,2556.0,inhale,13
48.927,14:59:29.732,2555.0,inhale,13
48.977,14:59:29.782,2553.0,inhale,13
49.027,14:59:29.832,2557.0,inhale,13
49.077,14:59:29.882,2557.0,inhale,13
49.127,14:59:29.932,2561.0,inhale,13
49.177,14:59:29.982,2562.0,inhale,13
49.227,14:59:30.032,2558.0,inhale,13
49.277,14:59:30.082,2557.0,inhale,13
49.327,14:59:30.132,2555.0,inhale,13
49.377,14:59:30.182,2555.0,inhale,13
49.429,14:59:30.233,2556.0,inhale,13
49.477,14:59:30.282,2563.0,inhale,13
49.527,14:59:30.332,2568.0,exhale,13
49.577,14:59:30.382,2566.0,exhale,13
49.627,14:59:30.432,2563.0,exhale,13
49.677,14:59:30.482,2571.0,exhale,13
49.727,14:59:30.532,2571.0,exhale,13
49.777,14:59:30.582,2568.0,exhale,13
49.827,14:59:30.632,2572.0,exhale,13
49.877,14:59:30.682,2575.0,exhale,13
49.927,14:59:30.732,2570.0,exhale,13
49.977,14:59:30.782,2575.0,exhale,13
50.027,14:59:30.832,2572.0,exhale,13
50.077,14:59:30.882,2570.0,exhale,13
50.127,14:59:30.932,2570.0,exhale,13
50.177,14:59:30.982,2561.0,exhale,13
50.227,14:59:31.032,2571.0,exhale,13
50.277,14:59:31.082,2570.0,exhale,13
50.327,14:59:31.132,2567.0,exhale,13
50.377,14:59:31.182,2570.0,exhale,13
50.427,14:59:31.232,2576.0,exhale,13
50.477,14:59:31.282,2564.0,exhale,13
50.527,14:59:31.332,2572.0,exhale,13
50.577,14:59:31.382,2564.0,exhale,13
50.627,14:59:31.432,2564.0,exhale,13
50.677,14:59:31.482,2567.0,exhale,13
50.727,14:59:31.532,2561.0,exhale,13
50.777,14:59:31.582,2569.0,exhale,13
50.827,14:59:31.632,2571.0,exhale,13
50.877,14:59:31.682,2576.0,exhale,13
50.927,14:59:31.732,2576.0,exhale,13
50.977,14:59:31.782,2580.0,exhale,13
51.027,14:59:31.832,2581.0,exhale,13
51.077,14:59:31.882,2580.0,exhale,13
51.127,14:59:31.932,2583.0,exhale,13
51.177,14:59:31.982,2581.0,exhale,13
51.227,14:59:32.032,2583.0,exhale,13
51.277,14:59:32.082,2582.0,exhale,13
51.327,14:59:32.132,2584.0,exhale,13
51.377,14:59:32.182,2581.0,exhale,13
51.427,14:59:32.232,2586.0,exhale,13
51.478,14:59:32.282,2586.0,exhale,13
51.527,14:59:32.331,2588.0,exhale,13
51.577,14:59:32.382,2588.0,exhale,13
51.627,14:59:32.432,2588.0,exhale,13
51.677,14:59:32.482,2589.0,exhale,13
51.727,14:59:32.532,2595.0,exhale,13
51.777,14:59:32.582,2596.0,exhale,13
51.827,14:59:32.632,2601.0,exhale,13
51.877,14:59:32.682,2599.0,exhale,13
51.927,14:59:32.732,2599.0,exhale,13
51.977,14:59:32.782,2592.0,exhale,13
52.027,14:59:32.832,2592.0,inhale,14
52.077,14:59:32.882,2587.0,inhale,14
52.127,14:59:32.932,2584.0,inhale,14
52.177,14:59:32.982,2579.0,inhale,14
52.227,14:59:33.032,2580.0,inhale,14
52.277,14:59:33.082,2577.0,inhale,14
52.327,14:59:33.132,2571.0,inhale,14
52.377,14:59:33.182,2575.0,inhale,14
52.429,14:59:33.234,2573.0,inhale,14
52.477,14:59:33.282,2576.0,inhale,14
52.527,14:59:33.332,2573.0,inhale,14
52.577,14:59:33.382,2574.0,inhale,14
52.627,14:59:33.432,2575.0,inhale,14
52.677,14:59:33.482,2574.0,inhale,14
52.727,14:59:33.532,2574.0,inhale,14
52.777,14:59:33.582,2573.0,inhale,14
52.827,14:59:33.632,2563.0,inhale,14
52.877,14:59:33.682,2572.0,inhale,14
52.927,14:59:33.732,2572.0,inhale,14
52.977,14:59:33.782,2571.0,inhale,14
53.027,14:59:33.832,2571.0,inhale,14
53.077,14:59:33.882,2571.0,inhale,14
53.127,14:59:33.932,2568.0,inhale,14
53.177,14:59:33.982,2571.0,inhale,14
53.227,14:59:34.032,2571.0,inhale,14
53.277,14:59:34.082,2569.0,inhale,14
53.327,14:59:34.132,2566.0,inhale,14
53.377,14:59:34.182,2560.0,inhale,14
53.427,14:59:34.232,2554.0,inhale,14
53.477,14:59:34.282,2555.0,inhale,14
53.527,14:59:34.332,2559.0,exhale,14
53.577,14:59:34.382,2560.0,exhale,14
53.627,14:59:34.432,2565.0,exhale,14
53.677,14:59:34.482,2567.0,exhale,14
53.727,14:59:34.532,2568.0,exhale,14
53.777,14:59:34.582,2569.0,exhale,14
53.827,14:59:34.632,2570.0,exhale,14
53.877,14:59:34.682,2570.0,exhale,14
53.927,14:59:34.732,2571.0,exhale,14
53.977,14:59:34.782,2571.0,exhale,14
54.027,14:59:34.832,2567.0,exhale,14
54.077,14:59:34.882,2568.0,exhale,14
54.127,14:59:34.932,2568.0,exhale,14
54.177,14:59:34.982,2566.0,exhale,14
54.227,14:59:35.032,2568.0,exhale,14
54.277,14:59:35.082,2568.0,exhale,14
54.327,14:59:35.132,2567.0,exhale,14
54.377,14:59:35.182,2569.0,exhale,14
54.427,14:59:35.232,2554.0,exhale,14
54.477,14:59:35.282,2556.0,exhale,14
54.527,14:59:35.332,2555.0,exhale,14
54.577,14:59:35.382,2556.0,exhale,14
54.627,14:59:35.432,2555.0,exhale,14
54.678,14:59:35.482,2555.0,exhale,14
54.727,14:59:35.532,2558.0,exhale,14
54.777,14:59:35.582,2568.0,exhale,14
54.827,14:59:35.632,2570.0,exhale,14
54.877,14:59:35.682,2572.0,exhale,14
54.927,14:59:35.732,2571.0,exhale,14
54.977,14:59:35.782,2575.0,exhale,14
55.027,14:59:35.832,2574.0,exhale,14
55.077,14:59:35.882,2576.0,exhale,14
55.127,14:59:35.932,2580.0,exhale,14
55.177,14:59:35.982,2580.0,exhale,14
55.227,14:59:36.032,2581.0,exhale,14
55.277,14:59:36.082,2582.0,exhale,14
55.327,14:59:36.132,2583.0,exhale,14
55.377,14:59:36.181,2585.0,exhale,14
55.427,14:59:36.232,2585.0,exhale,14
55.477,14:59:36.282,2582.0,exhale,14
55.527,14:59:36.332,2587.0,exhale,14
55.577,14:59:36.382,2586.0,exhale,14
55.627,14:59:36.432,2588.0,exhale,14
55.677,14:59:36.482,2585.0,exhale,14
55.727,14:59:36.532,2586.0,exhale,14
55.777,14:59:36.582,2588.0,exhale,14
55.827,14:59:36.632,2594.0,exhale,14
55.877,14:59:36.682,2591.0,exhale,14
55.927,14:59:36.732,2589.0,exhale,14
55.977,14:59:36.782,2585.0,exhale,14
56.027,14:59:36.832,2583.0,inhale,15
56.077,14:59:36.882,2579.0,inhale,15
56.127,14:59:36.932,2578.0,inhale,15
56.177,14:59:36.982,2576.0,inhale,15
56.227,14:59:37.032,2573.0,inhale,15
56.277,14:59:37.082,2572.0,inhale,15
56.327,14:59:37.132,2565.0,inhale,15
56.377,14:59:37.182,2571.0,inhale,15
56.427,14:59:37.232,2570.0,inhale,15
56.477,14:59:37.282,2571.0,inhale,15
56.527,14:59:37.332,2572.0,inhale,15
56.577,14:59:37.382,2572.0,inhale,15
56.627,14:59:37.432,2564.0,inhale,15
56.677,14:59:37.482,2573.0,inhale,15
56.727,14:59:37.532,2572.0,inhale,15
56.777,14:59:37.582,2574.0,inhale,15
56.827,14:59:37.632,2572.0,inhale,15
56.877,14:59:37.682,2573.0,inhale,15
56.927,14:59:37.732,2580.0,inhale,15
56.977,14:59:37.782,2577.0,inhale,15
57.027,14:59:37.832,2574.0,inhale,15
57.077,14:59:37.882,2571.0,inhale,15
57.127,14:59:37.932,2569.0,inhale,15
57.177,14:59:37.982,2571.0,inhale,15
57.227,14:59:38.032,2571.0,inhale,15
57.277,14:59:38.082,2571.0,inhale,15
57.327,14:59:38.132,2573.0,inhale,15
57.377,14:59:38.182,2572.0,inhale,15
57.427,14:59:38.232,2576.0,inhale,15
57.477,14:59:38.282,2578.0,inhale,15
57.527,14:59:38.332,2580.0,exhale,15
57.577,14:59:38.382,2591.0,exhale,15
57.627,14:59:38.432,2581.0,exhale,15
57.677,14:59:38.482,2579.0,exhale,15
57.727,14:59:38.532,2582.0,exhale,15
57.777,14:59:38.582,2584.0,exhale,15
57.827,14:59:38.632,2581.0,exhale,15
57.877,14:59:38.682,2577.0,exhale,15
57.930,14:59:38.734,2581.0,exhale,15
57.977,14:59:38.782,2579.0,exhale,15
58.027,14:59:38.832,2578.0,exhale,15
58.077,14:59:38.882,2577.0,exhale,15
58.127,14:59:38.932,2574.0,exhale,15
58.177,14:59:38.982,2567.0,exhale,15
58.227,14:59:39.032,2572.0,exhale,15
58.277,14:59:39.082,2573.0,exhale,15
58.327,14:59:39.132,2569.0,exhale,15
58.377,14:59:39.182,2574.0,exhale,15
58.427,14:59:39.232,2578.0,exhale,15
58.477,14:59:39.282,2579.0,exhale,15
58.527,14:59:39.332,2582.0,exhale,15
58.577,14:59:39.382,2583.0,exhale,15
58.627,14:59:39.432,2584.0,exhale,15
58.677,14:59:39.481,2586.0,exhale,15
58.727,14:59:39.532,2586.0,exhale,15
58.777,14:59:39.582,2586.0,exhale,15
58.827,14:59:39.632,2585.0,exhale,15
58.877,14:59:39.682,2586.0,exhale,15
58.927,14:59:39.732,2587.0,exhale,15
58.977,14:59:39.782,2587.0,exhale,15
59.027,14:59:39.832,2586.0,exhale,15
59.077,14:59:39.882,2588.0,exhale,15
59.127,14:59:39.932,2596.0,exhale,15
59.177,14:59:39.982,2589.0,exhale,15
59.228,14:59:40.032,2590.0,exhale,15
59.277,14:59:40.082,2591.0,exhale,15
59.327,14:59:40.132,2591.0,exhale,15
59.377,14:59:40.182,2591.0,exhale,15
59.427,14:59:40.232,2591.0,exhale,15
59.477,14:59:40.282,2591.0,exhale,15
59.527,14:59:40.332,2593.0,exhale,15
59.577,14:59:40.382,2592.0,exhale,15
59.627,14:59:40.432,2593.0,exhale,15
59.677,14:59:40.482,2595.0,exhale,15
59.727,14:59:40.532,2594.0,exhale,15
59.777,14:59:40.582,2599.0,exhale,15
59.827,14:59:40.632,2599.0,exhale,15
59.877,14:59:40.682,2598.0,exhale,15
59.928,14:59:40.732,2600.0,exhale,15
59.977,14:59:40.782,2598.0,exhale,15
60.027,14:59:40.832,2598.0,inhale,16
60.077,14:59:40.882,2589.0,inhale,16
60.127,14:59:40.932,2586.0,inhale,16
60.177,14:59:40.982,2585.0,inhale,16
60.227,14:59:41.032,2582.0,inhale,16
60.277,14:59:41.082,2579.0,inhale,16
60.327,14:59:41.132,2581.0,inhale,16
60.377,14:59:41.182,2578.0,inhale,16
60.427,14:59:41.232,2577.0,inhale,16
60.477,14:59:41.282,2576.0,inhale,16
60.527,14:59:41.332,2577.0,inhale,16
60.577,14:59:41.382,2577.0,inhale,16
60.627,14:59:41.432,2585.0,inhale,16
60.677,14:59:41.482,2577.0,inhale,16
60.727,14:59:41.532,2576.0,inhale,16
60.777,14:59:41.582,2567.0,inhale,16
60.827,14:59:41.632,2575.0,inhale,16
60.877,14:59:41.682,2576.0,inhale,16
60.929,14:59:41.733,2577.0,inhale,16
60.977,14:59:41.782,2577.0,inhale,16
61.027,14:59:41.832,2575.0,inhale,16
61.077,14:59:41.882,2575.0,inhale,16
61.127,14:59:41.932,2576.0,inhale,16
61.177,14:59:41.982,2571.0,inhale,16
61.227,14:59:42.032,2569.0,inhale,16
61.277,14:59:42.082,2569.0,inhale,16
61.327,14:59:42.132,2570.0,inhale,16
61.377,14:59:42.182,2566.0,inhale,16
61.427,14:59:42.232,2567.0,inhale,16
61.477,14:59:42.282,2564.0,inhale,16
61.527,14:59:42.332,2564.0,exhale,16
61.577,14:59:42.382,2569.0,exhale,16
61.627,14:59:42.432,2571.0,exhale,16
61.677,14:59:42.482,2574.0,exhale,16
61.727,14:59:42.532,2576.0,exhale,16
61.777,14:59:42.582,2578.0,exhale,16
61.827,14:59:42.632,2576.0,exhale,16
61.877,14:59:42.682,2575.0,exhale,16
61.929,14:59:42.733,2574.0,exhale,16
61.977,14:59:42.782,2571.0,exhale,16
62.027,14:59:42.832,2574.0,exhale,16
62.077,14:59:42.882,2562.0,exhale,16
62.127,14:59:42.932,2568.0,exhale,16
62.177,14:59:42.982,2568.0,exhale,16
62.227,14:59:43.032,2569.0,exhale,16
62.277,14:59:43.082,2569.0,exhale,16
62.327,14:59:43.132,2569.0,exhale,16
62.377,14:59:43.182,2569.0,exhale,16
62.427,14:59:43.232,2570.0,exhale,16
62.477,14:59:43.282,2571.0,exhale,16
62.527,14:59:43.332,2570.0,exhale,16
62.577,14:59:43.382,2571.0,exhale,16
62.627,14:59:43.432,2574.0,exhale,16
62.677,14:59:43.482,2586.0,exhale,16
62.727,14:59:43.532,2581.0,exhale,16
62.777,14:59:43.582,2581.0,exhale,16
62.827,14:59:43.632,2580.0,exhale,16
62.877,14:59:43.682,2583.0,exhale,16
62.927,14:59:43.732,2584.0,exhale,16
62.977,14:59:43.782,2586.0,exhale,16
63.027,14:59:43.832,2586.0,exhale,16
63.077,14:59:43.881,2587.0,exhale,16
63.127,14:59:43.932,2589.0,exhale,16
63.177,14:59:43.982,2590.0,exhale,16
63.227,14:59:44.032,2593.0,exhale,16
63.277,14:59:44.082,2593.0,exhale,16
63.327,14:59:44.132,2594.0,exhale,16
63.377,14:59:44.182,2598.0,exhale,16
63.427,14:59:44.232,2596.0,exhale,16
63.477,14:59:44.282,2596.0,exhale,16
63.527,14:59:44.332,2592.0,exhale,16
63.577,14:59:44.382,2592.0,exhale,16
63.627,14:59:44.432,2601.0,exhale,16
63.677,14:59:44.481,2592.0,exhale,16
63.727,14:59:44.532,2592.0,exhale,16
63.777,14:59:44.581,2584.0,exhale,16
63.827,14:59:44.632,2594.0,exhale,16
63.877,14:59:44.682,2594.0,exhale,16
63.927,14:59:44.732,2594.0,exhale,16
63.977,14:59:44.782,2595.0,exhale,16
64.027,14:59:44.832,2595.0,inhale,17
64.077,14:59:44.882,2598.0,inhale,17
64.127,14:59:44.932,2600.0,inhale,17
64.177,14:59:44.982,2602.0,inhale,17
64.227,14:59:45.032,2603.0,inhale,17
64.277,14:59:45.082,2595.0,inhale,17
64.327,14:59:45.132,2598.0,inhale,17
64.377,14:59:45.182,2591.0,inhale,17
64.427,14:59:45.232,2585.0,inhale,17
64.477,14:59:45.282,2579.0,inhale,17
64.527,14:59:45.332,2577.0,inhale,17
64.577,14:59:45.382,2575.0,inhale,17
64.627,14:59:45.432,2573.0,inhale,17
64.677,14:59:45.482,2570.0,inhale,17
64.727,14:59:45.532,2567.0,inhale,17
64.777,14:59:45.582,2569.0,inhale,17
64.827,14:59:45.632,2570.0,inhale,17
64.877,14:59:45.682,2568.0,inhale,17
64.927,14:59:45.732,2570.0,inhale,17
64.977,14:59:45.782,2570.0,inhale,17
65.027,14:59:45.832,2571.0,inhale,17
65.077,14:59:45.882,2569.0,inhale,17
65.127,14:59:45.932,2570.0,inhale,17
65.177,14:59:45.982,2568.0,inhale,17
65.227,14:59:46.032,2558.0,inhale,17
65.277,14:59:46.082,2566.0,inhale,17
65.327,14:59:46.132,2565.0,inhale,17
65.377,14:59:46.182,2550.0,inhale,17
65.427,14:59:46.232,2556.0,inhale,17
65.477,14:59:46.282,2554.0,inhale,17
65.527,14:59:46.332,2544.0,exhale,17
65.577,14:59:46.382,2550.0,exhale,17
65.627,14:59:46.432,2544.0,exhale,17
65.677,14:59:46.482,2542.0,exhale,17
65.728,14:59:46.533,2544.0,exhale,17
65.777,14:59:46.582,2544.0,exhale,17
65.827,14:59:46.632,2549.0,exhale,17
65.877,14:59:46.682,2548.0,exhale,17
65.927,14:59:46.732,2551.0,exhale,17
65.977,14:59:46.782,2540.0,exhale,17
66.027,14:59:46.832,2543.0,exhale,17
66.077,14:59:46.882,2545.0,exhale,17
66.127,14:59:46.932,2543.0,exhale,17
66.177,14:59:46.982,2539.0,exhale,17
66.227,14:59:47.032,2541.0,exhale,17
66.277,14:59:47.082,2539.0,exhale,17
66.327,14:59:47.132,2537.0,exhale,17
66.377,14:59:47.182,2538.0,exhale,17
66.427,14:59:47.232,2538.0,exhale,17
66.477,14:59:47.282,2540.0,exhale,17
66.527,14:59:47.332,2541.0,exhale,17
66.577,14:59:47.382,2541.0,exhale,17
66.627,14:59:47.432,2543.0,exhale,17
66.677,14:59:47.482,2548.0,exhale,17
66.727,14:59:47.532,2550.0,exhale,17
66.777,14:59:47.582,2554.0,exhale,17
66.827,14:59:47.632,2554.0,exhale,17
66.877,14:59:47.682,2556.0,exhale,17
66.927,14:59:47.731,2563.0,exhale,17
66.977,14:59:47.782,2567.0,exhale,17
67.027,14:59:47.831,2569.0,exhale,17
67.077,14:59:47.882,2581.0,exhale,17
67.127,14:59:47.932,2570.0,exhale,17
67.177,14:59:47.982,2565.0,exhale,17
67.227,14:59:48.032,2570.0,exhale,17
67.277,14:59:48.082,2578.0,exhale,17
67.327,14:59:48.132,2579.0,exhale,17
67.377,14:59:48.182,2589.0,exhale,17
67.427,14:59:48.232,2581.0,exhale,17
67.477,14:59:48.282,2584.0,exhale,17
67.527,14:59:48.332,2583.0,exhale,17
67.577,14:59:48.382,2587.0,exhale,17
67.627,14:59:48.432,2588.0,exhale,17
67.677,14:59:48.482,2591.0,exhale,17
67.727,14:59:48.532,2590.0,exhale,17
67.777,14:59:48.582,2593.0,exhale,17
67.827,14:59:48.632,2590.0,exhale,17
67.877,14:59:48.682,2588.0,exhale,17
67.927,14:59:48.732,2588.0,exhale,17
67.977,14:59:48.782,2589.0,exhale,17
68.027,14:59:48.832,2590.0,inhale,18
68.077,14:59:48.882,2585.0,inhale,18
68.127,14:59:48.932,2586.0,inhale,18
68.177,14:59:48.982,2585.0,inhale,18
68.229,14:59:49.033,2582.0,inhale,18
68.277,14:59:49.082,2579.0,inhale,18
68.327,14:59:49.132,2577.0,inhale,18
68.377,14:59:49.182,2574.0,inhale,18
68.427,14:59:49.232,2570.0,inhale,18
68.477,14:59:49.282,2567.0,inhale,18
68.527,14:59:49.332,2566.0,inhale,18
68.577,14:59:49.382,2557.0,inhale,18
68.627,14:59:49.432,2555.0,inhale,18
68.677,14:59:49.481,2546.0,inhale,18
68.727,14:59:49.532,2556.0,inhale,18
68.777,14:59:49.581,2555.0,inhale,18
68.827,14:59:49.632,2556.0,inhale,18
68.877,14:59:49.682,2557.0,inhale,18
68.927,14:59:49.732,2557.0,inhale,18
68.977,14:59:49.782,2558.0,inhale,18
69.027,14:59:49.832,2558.0,inhale,18
69.077,14:59:49.882,2558.0,inhale,18
69.127,14:59:49.932,2559.0,inhale,18
69.177,14:59:49.982,2559.0,inhale,18
69.227,14:59:50.032,2556.0,inhale,18
69.277,14:59:50.082,2554.0,inhale,18
69.329,14:59:50.133,2554.0,inhale,18
69.377,14:59:50.182,2553.0,inhale,18
69.427,14:59:50.232,2551.0,inhale,18
69.477,14:59:50.282,2551.0,inhale,18
69.527,14:59:50.332,2550.0,exhale,18
69.577,14:59:50.382,2550.0,exhale,18
69.627,14:59:50.432,2552.0,exhale,18
69.677,14:59:50.482,2547.0,exhale,18
69.727,14:59:50.532,2553.0,exhale,18
69.777,14:59:50.582,2553.0,exhale,18
69.827,14:59:50.632,2556.0,exhale,18
69.877,14:59:50.682,2555.0,exhale,18
69.929,14:59:50.734,2556.0,exhale,18
69.977,14:59:50.782,2558.0,exhale,18
70.027,14:59:50.832,2564.0,exhale,18
70.077,14:59:50.882,2554.0,exhale,18
70.127,14:59:50.932,2555.0,exhale,18
70.177,14:59:50.982,2553.0,exhale,18
70.227,14:59:51.032,2554.0,exhale,18
70.277,14:59:51.082,2553.0,exhale,18
70.327,14:59:51.132,2554.0,exhale,18
70.377,14:59:51.182,2551.0,exhale,18
70.427,14:59:51.232,2550.0,exhale,18
70.477,14:59:51.282,2549.0,exhale,18
70.527,14:59:51.332,2549.0,exhale,18
70.577,14:59:51.382,2548.0,exhale,18
70.627,14:59:51.432,2552.0,exhale,18
70.677,14:59:51.482,2550.0,exhale,18
70.727,14:59:51.532,2551.0,exhale,18
70.777,14:59:51.581,2552.0,exhale,18
70.827,14:59:51.632,2562.0,exhale,18
70.877,14:59:51.682,2558.0,exhale,18
70.927,14:59:51.732,2560.0,exhale,18
70.977,14:59:51.782,2561.0,exhale,18
71.027,14:59:51.832,2569.0,exhale,18
71.077,14:59:51.882,2581.0,exhale,18
71.127,14:59:51.932,2569.0,exhale,18
71.177,14:59:51.982,2575.0,exhale,18
71.227,14:59:52.032,2577.0,exhale,18
71.277,14:59:52.082,2577.0,exhale,18
71.327,14:59:52.132,2579.0,exhale,18
71.377,14:59:52.182,2584.0,exhale,18
71.427,14:59:52.232,2583.0,exhale,18
71.477,14:59:52.282,2582.0,exhale,18
71.527,14:59:52.332,2583.0,exhale,18
71.577,14:59:52.382,2584.0,exhale,18
71.627,14:59:52.432,2585.0,exhale,18
71.677,14:59:52.482,2587.0,exhale,18
71.727,14:59:52.532,2587.0,exhale,18
71.777,14:59:52.582,2593.0,exhale,18
71.827,14:59:52.632,2603.0,exhale,18
71.877,14:59:52.682,2597.0,exhale,18
71.927,14:59:52.732,2598.0,exhale,18
71.977,14:59:52.782,2595.0,exhale,18
72.027,14:59:52.832,2589.0,inhale,19
72.077,14:59:52.882,2586.0,inhale,19
72.127,14:59:52.932,2583.0,inhale,19
72.177,14:59:52.982,2579.0,inhale,19
72.227,14:59:53.032,2577.0,inhale,19
72.277,14:59:53.082,2572.0,inhale,19
72.327,14:59:53.132,2571.0,inhale,19
72.377,14:59:53.182,2570.0,inhale,19
72.427,14:59:53.232,2567.0,inhale,19
72.477,14:59:53.282,2569.0,inhale,19
72.527,14:59:53.332,2564.0,inhale,19
72.577,14:59:53.382,2568.0,inhale,19
72.627,14:59:53.432,2567.0,inhale,19
72.677,14:59:53.482,2566.0,inhale,19
72.727,14:59:53.532,2567.0,inhale,19
72.777,14:59:53.582,2566.0,inhale,19
72.827,14:59:53.632,2567.0,inhale,19
72.877,14:59:53.682,2567.0,inhale,19
72.927,14:59:53.732,2563.0,inhale,19
72.977,14:59:53.782,2566.0,inhale,19
73.027,14:59:53.832,2565.0,inhale,19
73.077,14:59:53.882,2565.0,inhale,19
73.127,14:59:53.932,2563.0,inhale,19
73.177,14:59:53.982,2562.0,inhale,19
73.227,14:59:54.032,2566.0,inhale,19
73.277,14:59:54.082,2565.0,inhale,19
73.327,14:59:54.132,2564.0,inhale,19
73.377,14:59:54.182,2563.0,inhale,19
73.427,14:59:54.232,2565.0,inhale,19
73.477,14:59:54.282,2567.0,inhale,19
73.527,14:59:54.332,2564.0,exhale,19
73.577,14:59:54.382,2568.0,exhale,19
73.627,14:59:54.432,2568.0,exhale,19
73.677,14:59:54.481,2567.0,exhale,19
73.727,14:59:54.531,2572.0,exhale,19
73.777,14:59:54.581,2572.0,exhale,19
73.827,14:59:54.632,2572.0,exhale,19
73.877,14:59:54.682,2570.0,exhale,19
73.927,14:59:54.732,2571.0,exhale,19
73.977,14:59:54.782,2569.0,exhale,19
74.027,14:59:54.832,2571.0,exhale,19
74.077,14:59:54.882,2569.0,exhale,19
74.127,14:59:54.932,2568.0,exhale,19
74.177,14:59:54.982,2567.0,exhale,19
74.227,14:59:55.032,2566.0,exhale,19
74.277,14:59:55.082,2560.0,exhale,19
74.327,14:59:55.132,2565.0,exhale,19
74.377,14:59:55.182,2564.0,exhale,19
74.427,14:59:55.232,2566.0,exhale,19
74.477,14:59:55.282,2566.0,exhale,19
74.527,14:59:55.332,2567.0,exhale,19
74.577,14:59:55.382,2551.0,exhale,19
74.627,14:59:55.431,2568.0,exhale,19
74.677,14:59:55.481,2570.0,exhale,19
74.727,14:59:55.532,2572.0,exhale,19
74.777,14:59:55.582,2578.0,exhale,19
74.827,14:59:55.632,2579.0,exhale,19
74.877,14:59:55.682,2581.0,exhale,19
74.927,14:59:55.732,2582.0,exhale,19
74.977,14:59:55.782,2581.0,exhale,19
75.027,14:59:55.832,2582.0,exhale,19
75.077,14:59:55.882,2584.0,exhale,19
75.127,14:59:55.932,2582.0,exhale,19
75.177,14:59:55.982,2587.0,exhale,19
75.227,14:59:56.032,2588.0,exhale,19
75.277,14:59:56.082,2599.0,exhale,19
75.327,14:59:56.132,2594.0,exhale,19
75.377,14:59:56.182,2594.0,exhale,19
75.427,14:59:56.232,2597.0,exhale,19
75.477,14:59:56.282,2597.0,exhale,19
75.527,14:59:56.332,2598.0,exhale,19
75.577,14:59:56.382,2593.0,exhale,19
75.627,14:59:56.432,2592.0,exhale,19
75.677,14:59:56.482,2588.0,exhale,19
75.727,14:59:56.531,2590.0,exhale,19
75.777,14:59:56.581,2588.0,exhale,19
75.827,14:59:56.631,2600.0,exhale,19
75.877,14:59:56.681,2584.0,exhale,19
75.927,14:59:56.732,2586.0,exhale,19
75.977,14:59:56.782,2583.0,exhale,19
76.027,14:59:56.832,2583.0,inhale,20
76.077,14:59:56.882,2580.0,inhale,20
76.127,14:59:56.932,2577.0,inhale,20
76.177,14:59:56.981,2572.0,inhale,20
76.227,14:59:57.032,2576.0,inhale,20
76.277,14:59:57.082,2575.0,inhale,20
76.327,14:59:57.131,2573.0,inhale,20
76.377,14:59:57.182,2574.0,inhale,20
76.427,14:59:57.232,2569.0,inhale,20
76.477,14:59:57.282,2574.0,inhale,20
76.527,14:59:57.332,2569.0,inhale,20
76.577,14:59:57.382,2572.0,inhale,20
76.627,14:59:57.431,2557.0,inhale,20
76.677,14:59:57.481,2582.0,inhale,20
76.727,14:59:57.531,2569.0,inhale,20
76.777,14:59:57.581,2572.0,inhale,20
76.827,14:59:57.631,2577.0,inhale,20
76.877,14:59:57.681,2567.0,inhale,20
76.927,14:59:57.731,2567.0,inhale,20
76.977,14:59:57.782,2562.0,inhale,20
77.027,14:59:57.832,2564.0,inhale,20
77.077,14:59:57.881,2566.0,inhale,20
77.127,14:59:57.931,2568.0,inhale,20
77.177,14:59:57.981,2571.0,inhale,20
77.227,14:59:58.031,2570.0,inhale,20
77.277,14:59:58.082,2570.0,inhale,20
77.327,14:59:58.132,2568.0,inhale,20
77.377,14:59:58.182,2569.0,inhale,20
77.427,14:59:58.231,2571.0,inhale,20
77.477,14:59:58.281,2569.0,inhale,20
77.527,14:59:58.332,2569.0,exhale,20
77.577,14:59:58.382,2569.0,exhale,20
77.627,14:59:58.432,2584.0,exhale,20
77.677,14:59:58.482,2570.0,exhale,20
77.727,14:59:58.532,2570.0,exhale,20
77.777,14:59:58.582,2568.0,exhale,20
77.827,14:59:58.632,2561.0,exhale,20
77.877,14:59:58.682,2566.0,exhale,20
77.927,14:59:58.732,2569.0,exhale,20
77.977,14:59:58.782,2570.0,exhale,20
78.027,14:59:58.832,2573.0,exhale,20
78.077,14:59:58.882,2576.0,exhale,20
78.127,14:59:58.932,2571.0,exhale,20
78.177,14:59:58.982,2575.0,exhale,20
78.227,14:59:59.031,2570.0,exhale,20
78.277,14:59:59.081,2553.0,exhale,20
78.327,14:59:59.131,2569.0,exhale,20
78.377,14:59:59.182,2568.0,exhale,20
78.427,14:59:59.232,2565.0,exhale,20
78.477,14:59:59.282,2568.0,exhale,20
78.527,14:59:59.332,2564.0,exhale,20
78.577,14:59:59.382,2570.0,exhale,20
78.627,14:59:59.432,2569.0,exhale,20
78.677,14:59:59.481,2568.0,exhale,20
78.727,14:59:59.531,2556.0,exhale,20
78.777,14:59:59.581,2568.0,exhale,20
78.827,14:59:59.632,2567.0,exhale,20
78.877,14:59:59.682,2568.0,exhale,20
78.927,14:59:59.732,2562.0,exhale,20
78.977,14:59:59.781,2566.0,exhale,20
79.027,14:59:59.831,2552.0,exhale,20
79.126,14:59:59.931,2569.0,exhale,20
79.127,14:59:59.931,2569.0,exhale,20
79.177,14:59:59.981,2571.0,exhale,20
79.227,15:00:00.031,2575.0,exhale,20
79.277,15:00:00.082,2577.0,exhale,20
79.327,15:00:00.132,2578.0,exhale,20
79.377,15:00:00.182,2581.0,exhale,20
79.427,15:00:00.232,2581.0,exhale,20
79.477,15:00:00.282,2584.0,exhale,20
79.527,15:00:00.332,2584.0,exhale,20
79.577,15:00:00.382,2584.0,exhale,20
79.627,15:00:00.432,2582.0,exhale,20
79.677,15:00:00.482,2585.0,exhale,20
79.727,15:00:00.532,2590.0,exhale,20
79.777,15:00:00.582,2594.0,exhale,20
79.827,15:00:00.632,2590.0,exhale,20
79.877,15:00:00.682,2586.0,exhale,20
79.927,15:00:00.732,2586.0,exhale,20
79.977,15:00:00.782,2577.0,exhale,20
80.027,15:00:00.832,2579.0,inhale,21
80.077,15:00:00.882,2577.0,inhale,21
80.127,15:00:00.932,2578.0,inhale,21
80.177,15:00:00.982,2575.0,inhale,21
80.227,15:00:01.032,2574.0,inhale,21
80.277,15:00:01.082,2572.0,inhale,21
80.327,15:00:01.132,2573.0,inhale,21
80.377,15:00:01.182,2576.0,inhale,21
80.427,15:00:01.231,2576.0,inhale,21
80.477,15:00:01.282,2574.0,inhale,21
80.527,15:00:01.332,2573.0,inhale,21
80.577,15:00:01.382,2572.0,inhale,21
80.627,15:00:01.432,2571.0,inhale,21
80.677,15:00:01.482,2570.0,inhale,21
80.727,15:00:01.531,2570.0,inhale,21
80.777,15:00:01.581,2571.0,inhale,21
80.827,15:00:01.632,2563.0,inhale,21
80.877,15:00:01.682,2569.0,inhale,21
80.927,15:00:01.732,2570.0,inhale,21
80.977,15:00:01.782,2570.0,inhale,21
81.027,15:00:01.832,2576.0,inhale,21
81.077,15:00:01.882,2575.0,inhale,21
81.127,15:00:01.932,2579.0,inhale,21
81.177,15:00:01.982,2579.0,inhale,21
81.227,15:00:02.032,2580.0,inhale,21
81.277,15:00:02.082,2578.0,inhale,21
81.327,15:00:02.132,2579.0,inhale,21
81.377,15:00:02.182,2579.0,inhale,21
81.427,15:00:02.232,2576.0,inhale,21
81.477,15:00:02.282,2575.0,inhale,21
81.527,15:00:02.332,2573.0,exhale,21
81.577,15:00:02.382,2570.0,exhale,21
81.627,15:00:02.432,2572.0,exhale,21
81.677,15:00:02.481,2573.0,exhale,21
81.727,15:00:02.532,2573.0,exhale,21
81.777,15:00:02.582,2577.0,exhale,21
81.827,15:00:02.631,2578.0,exhale,21
81.877,15:00:02.681,2579.0,exhale,21
81.927,15:00:02.732,2579.0,exhale,21
81.977,15:00:02.781,2581.0,exhale,21
82.027,15:00:02.831,2580.0,exhale,21
82.077,15:00:02.882,2582.0,exhale,21
82.127,15:00:02.932,2582.0,exhale,21
82.177,15:00:02.981,2582.0,exhale,21
82.227,15:00:03.032,2581.0,exhale,21
82.277,15:00:03.082,2580.0,exhale,21
82.327,15:00:03.132,2580.0,exhale,21
82.377,15:00:03.182,2580.0,exhale,21
82.427,15:00:03.232,2578.0,exhale,21
82.477,15:00:03.282,2579.0,exhale,21
82.527,15:00:03.332,2580.0,exhale,21
82.577,15:00:03.382,2580.0,exhale,21
82.627,15:00:03.432,2578.0,exhale,21
82.677,15:00:03.482,2580.0,exhale,21
82.727,15:00:03.532,2577.0,exhale,21
82.777,15:00:03.582,2576.0,exhale,21
82.827,15:00:03.631,2574.0,exhale,21
82.877,15:00:03.682,2571.0,exhale,21
82.927,15:00:03.731,2568.0,exhale,21
82.977,15:00:03.782,2571.0,exhale,21
83.027,15:00:03.832,2569.0,exhale,21
83.077,15:00:03.882,2568.0,exhale,21
83.127,15:00:03.932,2569.0,exhale,21
83.177,15:00:03.982,2572.0,exhale,21
83.227,15:00:04.032,2579.0,exhale,21
83.280,15:00:04.085,2577.0,exhale,21
83.327,15:00:04.131,2579.0,exhale,21
83.377,15:00:04.182,2582.0,exhale,21
83.427,15:00:04.232,2586.0,exhale,21
83.477,15:00:04.281,2584.0,exhale,21
83.527,15:00:04.331,2583.0,exhale,21
83.577,15:00:04.381,2585.0,exhale,21
83.627,15:00:04.431,2586.0,exhale,21
83.677,15:00:04.481,2587.0,exhale,21
83.727,15:00:04.531,2585.0,exhale,21
83.777,15:00:04.581,2587.0,exhale,21
83.827,15:00:04.631,2588.0,exhale,21
83.877,15:00:04.682,2589.0,exhale,21
83.927,15:00:04.732,2584.0,exhale,21
83.977,15:00:04.782,2595.0,exhale,21
84.027,15:00:04.832,2597.0,inhale,22
84.077,15:00:04.882,2599.0,inhale,22
84.127,15:00:04.931,2597.0,inhale,22
84.177,15:00:04.982,2597.0,inhale,22
84.227,15:00:05.031,2590.0,inhale,22
84.277,15:00:05.082,2588.0,inhale,22
84.327,15:00:05.131,2585.0,inhale,22
84.377,15:00:05.182,2583.0,inhale,22
84.427,15:00:05.232,2587.0,inhale,22
84.477,15:00:05.282,2579.0,inhale,22
84.527,15:00:05.332,2578.0,inhale,22
84.577,15:00:05.382,2576.0,inhale,22
84.627,15:00:05.432,2575.0,inhale,22
84.677,15:00:05.482,2575.0,inhale,22
84.727,15:00:05.532,2577.0,inhale,22
84.777,15:00:05.582,2577.0,inhale,22
84.827,15:00:05.632,2576.0,inhale,22
84.877,15:00:05.682,2583.0,inhale,22
84.927,15:00:05.732,2574.0,inhale,22
84.977,15:00:05.782,2572.0,inhale,22
85.027,15:00:05.832,2573.0,inhale,22
85.077,15:00:05.881,2575.0,inhale,22
85.127,15:00:05.931,2576.0,inhale,22
85.177,15:00:05.982,2565.0,inhale,22
85.227,15:00:06.032,2575.0,inhale,22
85.277,15:00:06.082,2576.0,inhale,22
85.327,15:00:06.132,2576.0,inhale,22
85.377,15:00:06.182,2576.0,inhale,22
85.427,15:00:06.232,2579.0,inhale,22
85.477,15:00:06.282,2574.0,inhale,22
85.527,15:00:06.332,2579.0,exhale,22
85.577,15:00:06.382,2579.0,exhale,22
85.627,15:00:06.432,2580.0,exhale,22
85.677,15:00:06.482,2580.0,exhale,22
85.727,15:00:06.532,2582.0,exhale,22
85.777,15:00:06.582,2582.0,exhale,22
85.827,15:00:06.632,2583.0,exhale,22
85.877,15:00:06.682,2583.0,exhale,22
85.927,15:00:06.732,2582.0,exhale,22
85.977,15:00:06.782,2580.0,exhale,22
86.027,15:00:06.832,2583.0,exhale,22
86.077,15:00:06.882,2584.0,exhale,22
86.127,15:00:06.932,2582.0,exhale,22
86.177,15:00:06.982,2582.0,exhale,22
86.227,15:00:07.032,2582.0,exhale,22
86.277,15:00:07.082,2581.0,exhale,22
86.327,15:00:07.132,2580.0,exhale,22
86.377,15:00:07.182,2580.0,exhale,22
86.427,15:00:07.232,2579.0,exhale,22
86.477,15:00:07.282,2578.0,exhale,22
86.527,15:00:07.332,2572.0,exhale,22
86.577,15:00:07.382,2578.0,exhale,22
86.627,15:00:07.432,2581.0,exhale,22
86.677,15:00:07.482,2577.0,exhale,22
86.727,15:00:07.531,2581.0,exhale,22
86.777,15:00:07.581,2580.0,exhale,22
86.827,15:00:07.631,2590.0,exhale,22
86.877,15:00:07.682,2584.0,exhale,22
86.927,15:00:07.732,2584.0,exhale,22
86.977,15:00:07.782,2586.0,exhale,22
87.027,15:00:07.832,2588.0,exhale,22
87.077,15:00:07.882,2590.0,exhale,22
87.127,15:00:07.932,2588.0,exhale,22
87.177,15:00:07.982,2601.0,exhale,22
87.227,15:00:08.032,2596.0,exhale,22
87.277,15:00:08.082,2596.0,exhale,22
87.327,15:00:08.132,2595.0,exhale,22
87.377,15:00:08.182,2598.0,exhale,22
87.427,15:00:08.232,2597.0,exhale,22
87.477,15:00:08.282,2598.0,exhale,22
87.527,15:00:08.332,2595.0,exhale,22
87.577,15:00:08.382,2599.0,exhale,22
87.627,15:00:08.432,2601.0,exhale,22
87.677,15:00:08.482,2601.0,exhale,22
87.727,15:00:08.532,2597.0,exhale,22
87.777,15:00:08.582,2603.0,exhale,22
87.827,15:00:08.632,2601.0,exhale,22
87.877,15:00:08.682,2598.0,exhale,22
87.927,15:00:08.732,2592.0,exhale,22
87.977,15:00:08.782,2593.0,exhale,22
88.027,15:00:08.832,2588.0,inhale,23
88.077,15:00:08.882,2590.0,inhale,23
88.127,15:00:08.932,2588.0,inhale,23
88.177,15:00:08.982,2592.0,inhale,23
88.227,15:00:09.032,2589.0,inhale,23
88.277,15:00:09.082,2588.0,inhale,23
88.327,15:00:09.132,2591.0,inhale,23
88.377,15:00:09.182,2588.0,inhale,23
88.427,15:00:09.232,2588.0,inhale,23
88.477,15:00:09.282,2589.0,inhale,23
88.527,15:00:09.332,2587.0,inhale,23
88.577,15:00:09.382,2585.0,inhale,23
88.627,15:00:09.431,2583.0,inhale,23
88.677,15:00:09.481,2584.0,inhale,23
88.727,15:00:09.531,2584.0,inhale,23
88.777,15:00:09.581,2582.0,inhale,23
88.827,15:00:09.632,2581.0,inhale,23
88.877,15:00:09.682,2581.0,inhale,23
88.927,15:00:09.731,2578.0,inhale,23
88.977,15:00:09.782,2579.0,inhale,23
89.027,15:00:09.832,2579.0,inhale,23
89.077,15:00:09.882,2579.0,inhale,23
89.127,15:00:09.932,2579.0,inhale,23
89.177,15:00:09.982,2578.0,inhale,23
89.227,15:00:10.032,2576.0,inhale,23
89.277,15:00:10.082,2574.0,inhale,23
89.327,15:00:10.132,2576.0,inhale,23
89.377,15:00:10.182,2569.0,inhale,23
89.427,15:00:10.232,2574.0,inhale,23
89.477,15:00:10.282,2577.0,inhale,23
89.527,15:00:10.332,2578.0,exhale,23
89.577,15:00:10.382,2580.0,exhale,23
89.627,15:00:10.432,2581.0,exhale,23
89.677,15:00:10.482,2581.0,exhale,23
89.727,15:00:10.531,2580.0,exhale,23
89.777,15:00:10.582,2579.0,exhale,23
89.827,15:00:10.632,2580.0,exhale,23
89.877,15:00:10.682,2581.0,exhale,23
89.927,15:00:10.731,2581.0,exhale,23
89.977,15:00:10.782,2582.0,exhale,23
90.029,15:00:10.833,2584.0,exhale,23
90.077,15:00:10.882,2583.0,exhale,23
90.127,15:00:10.932,2583.0,exhale,23
90.177,15:00:10.982,2582.0,exhale,23
90.227,15:00:11.032,2582.0,exhale,23
90.277,15:00:11.082,2581.0,exhale,23
90.327,15:00:11.132,2576.0,exhale,23
90.377,15:00:11.182,2581.0,exhale,23
90.427,15:00:11.232,2582.0,exhale,23
90.477,15:00:11.281,2580.0,exhale,23
90.527,15:00:11.331,2581.0,exhale,23
90.577,15:00:11.381,2589.0,exhale,23
90.627,15:00:11.432,2580.0,exhale,23
90.677,15:00:11.482,2579.0,exhale,23
90.727,15:00:11.532,2581.0,exhale,23
90.777,15:00:11.581,2581.0,exhale,23
90.827,15:00:11.632,2580.0,exhale,23
90.877,15:00:11.682,2581.0,exhale,23
90.927,15:00:11.731,2579.0,exhale,23
90.977,15:00:11.782,2578.0,exhale,23
91.027,15:00:11.832,2579.0,exhale,23
91.077,15:00:11.882,2581.0,exhale,23
91.127,15:00:11.932,2582.0,exhale,23
91.177,15:00:11.982,2584.0,exhale,23
91.227,15:00:12.032,2583.0,exhale,23
91.277,15:00:12.082,2584.0,exhale,23
91.328,15:00:12.133,2587.0,exhale,23
91.377,15:00:12.182,2586.0,exhale,23
91.427,15:00:12.232,2588.0,exhale,23
91.477,15:00:12.282,2591.0,exhale,23
91.527,15:00:12.332,2591.0,exhale,23
91.577,15:00:12.382,2593.0,exhale,23
91.630,15:00:12.434,2588.0,exhale,23
91.677,15:00:12.482,2595.0,exhale,23
91.727,15:00:12.532,2596.0,exhale,23
91.777,15:00:12.582,2597.0,exhale,23
91.827,15:00:12.631,2597.0,exhale,23
91.877,15:00:12.682,2597.0,exhale,23
91.927,15:00:12.732,2599.0,exhale,23
91.977,15:00:12.782,2600.0,exhale,23
92.027,15:00:12.832,2603.0,inhale,24
92.077,15:00:12.882,2603.0,inhale,24
92.127,15:00:12.932,2604.0,inhale,24
92.177,15:00:12.982,2603.0,inhale,24
92.227,15:00:13.032,2600.0,inhale,24
92.277,15:00:13.082,2603.0,inhale,24
92.327,15:00:13.132,2599.0,inhale,24
92.377,15:00:13.182,2596.0,inhale,24
92.427,15:00:13.232,2588.0,inhale,24
92.477,15:00:13.282,2588.0,inhale,24
92.527,15:00:13.332,2585.0,inhale,24
92.577,15:00:13.382,2583.0,inhale,24
92.627,15:00:13.432,2581.0,inhale,24
92.677,15:00:13.482,2572.0,inhale,24
92.727,15:00:13.532,2580.0,inhale,24
92.777,15:00:13.582,2581.0,inhale,24
92.827,15:00:13.632,2581.0,inhale,24
92.877,15:00:13.682,2577.0,inhale,24
92.927,15:00:13.732,2579.0,inhale,24
92.977,15:00:13.782,2581.0,inhale,24
93.027,15:00:13.832,2578.0,inhale,24
93.077,15:00:13.882,2576.0,inhale,24
93.127,15:00:13.932,2575.0,inhale,24
93.177,15:00:13.982,2577.0,inhale,24
93.227,15:00:14.032,2576.0,inhale,24
93.277,15:00:14.082,2576.0,inhale,24
93.327,15:00:14.132,2574.0,inhale,24
93.377,15:00:14.182,2574.0,inhale,24
93.427,15:00:14.232,2572.0,inhale,24
93.477,15:00:14.282,2572.0,inhale,24
93.527,15:00:14.332,2573.0,exhale,24
93.577,15:00:14.382,2585.0,exhale,24
93.627,15:00:14.432,2585.0,exhale,24
93.677,15:00:14.481,2581.0,exhale,24
93.727,15:00:14.531,2582.0,exhale,24
93.777,15:00:14.581,2583.0,exhale,24
93.827,15:00:14.632,2593.0,exhale,24
93.877,15:00:14.682,2584.0,exhale,24
93.927,15:00:14.732,2577.0,exhale,24
93.977,15:00:14.782,2583.0,exhale,24
94.027,15:00:14.832,2581.0,exhale,24
94.077,15:00:14.882,2579.0,exhale,24
94.130,15:00:14.934,2580.0,exhale,24
94.177,15:00:14.982,2579.0,exhale,24
94.227,15:00:15.032,2578.0,exhale,24
94.277,15:00:15.082,2578.0,exhale,24
94.327,15:00:15.131,2579.0,exhale,24
94.377,15:00:15.181,2580.0,exhale,24
94.427,15:00:15.232,2578.0,exhale,24
94.477,15:00:15.282,2584.0,exhale,24
94.527,15:00:15.332,2582.0,exhale,24
94.577,15:00:15.382,2577.0,exhale,24
94.627,15:00:15.432,2575.0,exhale,24
94.677,15:00:15.482,2576.0,exhale,24
94.727,15:00:15.532,2579.0,exhale,24
94.777,15:00:15.582,2586.0,exhale,24
94.827,15:00:15.632,2585.0,exhale,24
94.877,15:00:15.682,2580.0,exhale,24
94.927,15:00:15.732,2589.0,exhale,24
94.977,15:00:15.782,2584.0,exhale,24
95.027,15:00:15.832,2586.0,exhale,24
95.077,15:00:15.882,2586.0,exhale,24
95.127,15:00:15.932,2585.0,exhale,24
95.177,15:00:15.982,2586.0,exhale,24
95.227,15:00:16.032,2587.0,exhale,24
95.277,15:00:16.082,2580.0,exhale,24
95.327,15:00:16.132,2589.0,exhale,24
95.377,15:00:16.182,2589.0,exhale,24
95.427,15:00:16.232,2590.0,exhale,24
95.477,15:00:16.282,2590.0,exhale,24
95.527,15:00:16.332,2591.0,exhale,24
95.577,15:00:16.382,2594.0,exhale,24
95.627,15:00:16.432,2594.0,exhale,24
95.677,15:00:16.482,2590.0,exhale,24
95.727,15:00:16.532,2595.0,exhale,24
95.777,15:00:16.582,2599.0,exhale,24
95.827,15:00:16.632,2598.0,exhale,24
95.877,15:00:16.682,2599.0,exhale,24
95.927,15:00:16.732,2600.0,exhale,24
95.977,15:00:16.782,2602.0,exhale,24
96.027,15:00:16.832,2602.0,inhale,25
96.077,15:00:16.882,2602.0,inhale,25
96.127,15:00:16.932,2596.0,inhale,25
96.177,15:00:16.982,2593.0,inhale,25
96.227,15:00:17.032,2588.0,inhale,25
96.277,15:00:17.082,2587.0,inhale,25
96.327,15:00:17.131,2583.0,inhale,25
96.377,15:00:17.182,2583.0,inhale,25
96.427,15:00:17.232,2582.0,inhale,25
96.477,15:00:17.282,2584.0,inhale,25
96.527,15:00:17.332,2579.0,inhale,25
96.577,15:00:17.382,2581.0,inhale,25
96.627,15:00:17.432,2583.0,inhale,25
96.677,15:00:17.482,2581.0,inhale,25
96.727,15:00:17.532,2581.0,inhale,25
96.777,15:00:17.582,2579.0,inhale,25
96.827,15:00:17.632,2579.0,inhale,25
96.877,15:00:17.682,2579.0,inhale,25
96.927,15:00:17.732,2576.0,inhale,25
96.977,15:00:17.782,2578.0,inhale,25
97.027,15:00:17.832,2579.0,inhale,25
97.077,15:00:17.882,2577.0,inhale,25
97.127,15:00:17.932,2578.0,inhale,25
97.177,15:00:17.982,2577.0,inhale,25
97.227,15:00:18.032,2576.0,inhale,25
97.277,15:00:18.082,2575.0,inhale,25
97.327,15:00:18.132,2578.0,inhale,25
97.377,15:00:18.182,2577.0,inhale,25
97.427,15:00:18.232,2585.0,inhale,25
97.477,15:00:18.282,2577.0,inhale,25
97.527,15:00:18.331,2579.0,exhale,25
97.577,15:00:18.381,2580.0,exhale,25
97.627,15:00:18.432,2579.0,exhale,25
97.677,15:00:18.482,2578.0,exhale,25
97.727,15:00:18.532,2583.0,exhale,25
97.777,15:00:18.582,2582.0,exhale,25
97.827,15:00:18.632,2582.0,exhale,25
97.877,15:00:18.682,2583.0,exhale,25
97.927,15:00:18.732,2584.0,exhale,25
97.977,15:00:18.782,2586.0,exhale,25
98.027,15:00:18.832,2586.0,exhale,25
98.077,15:00:18.882,2585.0,exhale,25
98.127,15:00:18.931,2583.0,exhale,25
98.177,15:00:18.981,2584.0,exhale,25
98.227,15:00:19.032,2582.0,exhale,25
98.277,15:00:19.082,2582.0,exhale,25
98.327,15:00:19.132,2582.0,exhale,25
98.377,15:00:19.182,2580.0,exhale,25
98.427,15:00:19.232,2579.0,exhale,25
98.477,15:00:19.282,2578.0,exhale,25
98.527,15:00:19.332,2577.0,exhale,25
98.577,15:00:19.382,2577.0,exhale,25
98.627,15:00:19.431,2578.0,exhale,25
98.677,15:00:19.481,2579.0,exhale,25
98.727,15:00:19.531,2576.0,exhale,25
98.777,15:00:19.581,2577.0,exhale,25
98.827,15:00:19.631,2580.0,exhale,25
98.877,15:00:19.682,2571.0,exhale,25
98.927,15:00:19.732,2580.0,exhale,25
98.977,15:00:19.782,2582.0,exhale,25
99.027,15:00:19.832,2583.0,exhale,25
99.077,15:00:19.882,2585.0,exhale,25
99.127,15:00:19.931,2586.0,exhale,25
99.177,15:00:19.982,2585.0,exhale,25
99.227,15:00:20.032,2588.0,exhale,25
99.277,15:00:20.082,2589.0,exhale,25
99.327,15:00:20.132,2599.0,exhale,25
99.377,15:00:20.182,2591.0,exhale,25
99.427,15:00:20.232,2595.0,exhale,25
99.477,15:00:20.282,2595.0,exhale,25
99.527,15:00:20.332,2597.0,exhale,25
99.577,15:00:20.382,2598.0,exhale,25
99.627,15:00:20.432,2593.0,exhale,25
99.677,15:00:20.482,2599.0,exhale,25
99.727,15:00:20.532,2602.0,exhale,25
99.777,15:00:20.582,2602.0,exhale,25
99.827,15:00:20.632,2605.0,exhale,25
99.877,15:00:20.682,2607.0,exhale,25
99.927,15:00:20.732,2605.0,exhale,25
99.977,15:00:20.782,2606.0,exhale,25
100.027,15:00:20.832,2605.0,inhale,26
100.077,15:00:20.881,2603.0,inhale,26
100.127,15:00:20.932,2599.0,inhale,26
100.177,15:00:20.982,2595.0,inhale,26
100.227,15:00:21.032,2592.0,inhale,26
100.277,15:00:21.082,2590.0,inhale,26
100.327,15:00:21.132,2586.0,inhale,26
100.377,15:00:21.182,2585.0,inhale,26
100.427,15:00:21.232,2585.0,inhale,26
100.477,15:00:21.282,2579.0,inhale,26
100.527,15:00:21.332,2584.0,inhale,26
100.577,15:00:21.382,2578.0,inhale,26
100.627,15:00:21.432,2583.0,inhale,26
100.677,15:00:21.482,2582.0,inhale,26
100.727,15:00:21.532,2583.0,inhale,26
100.777,15:00:21.582,2581.0,inhale,26
100.827,15:00:21.632,2574.0,inhale,26
100.877,15:00:21.682,2580.0,inhale,26
100.927,15:00:21.732,2582.0,inhale,26
100.977,15:00:21.782,2577.0,inhale,26
101.027,15:00:21.832,2582.0,inhale,26
101.077,15:00:21.882,2580.0,inhale,26
101.127,15:00:21.932,2581.0,inhale,26
101.177,15:00:21.982,2581.0,inhale,26
101.227,15:00:22.032,2580.0,inhale,26
101.277,15:00:22.082,2577.0,inhale,26
101.327,15:00:22.132,2578.0,inhale,26
101.377,15:00:22.182,2570.0,inhale,26
101.427,15:00:22.232,2557.0,inhale,26
101.477,15:00:22.282,2558.0,inhale,26
101.527,15:00:22.332,2555.0,exhale,26
101.577,15:00:22.382,2543.0,exhale,26
101.627,15:00:22.432,2555.0,exhale,26
101.677,15:00:22.482,2554.0,exhale,26
101.727,15:00:22.532,2557.0,exhale,26
101.777,15:00:22.582,2562.0,exhale,26
101.827,15:00:22.632,2562.0,exhale,26
101.877,15:00:22.681,2559.0,exhale,26
101.927,15:00:22.731,2566.0,exhale,26
101.977,15:00:22.781,2557.0,exhale,26
102.027,15:00:22.832,2555.0,exhale,26
102.077,15:00:22.882,2558.0,exhale,26
102.127,15:00:22.932,2560.0,exhale,26
102.177,15:00:22.982,2562.0,exhale,26
102.227,15:00:23.032,2565.0,exhale,26
102.277,15:00:23.082,2559.0,exhale,26
102.327,15:00:23.132,2554.0,exhale,26
102.377,15:00:23.182,2557.0,exhale,26
102.427,15:00:23.232,2557.0,exhale,26
102.477,15:00:23.282,2553.0,exhale,26
102.527,15:00:23.332,2555.0,exhale,26
102.577,15:00:23.382,2553.0,exhale,26
102.627,15:00:23.432,2551.0,exhale,26
102.677,15:00:23.482,2554.0,exhale,26
102.727,15:00:23.532,2554.0,exhale,26
102.777,15:00:23.582,2556.0,exhale,26
102.827,15:00:23.632,2555.0,exhale,26
102.877,15:00:23.682,2561.0,exhale,26
102.927,15:00:23.732,2562.0,exhale,26
102.977,15:00:23.782,2566.0,exhale,26
103.027,15:00:23.832,2568.0,exhale,26
103.077,15:00:23.882,2568.0,exhale,26
103.130,15:00:23.934,2567.0,exhale,26
103.177,15:00:23.982,2577.0,exhale,26
103.227,15:00:24.032,2576.0,exhale,26
103.277,15:00:24.082,2578.0,exhale,26
103.327,15:00:24.132,2579.0,exhale,26
103.377,15:00:24.182,2579.0,exhale,26
103.427,15:00:24.232,2581.0,exhale,26
103.477,15:00:24.282,2578.0,exhale,26
103.527,15:00:24.332,2582.0,exhale,26
103.577,15:00:24.382,2578.0,exhale,26
103.628,15:00:24.433,2581.0,exhale,26
103.677,15:00:24.481,2582.0,exhale,26
103.727,15:00:24.531,2583.0,exhale,26
103.777,15:00:24.581,2585.0,exhale,26
103.827,15:00:24.631,2584.0,exhale,26
103.877,15:00:24.682,2588.0,exhale,26
103.927,15:00:24.732,2587.0,exhale,26
103.977,15:00:24.782,2588.0,exhale,26
104.027,15:00:24.832,2589.0,inhale,27
104.077,15:00:24.882,2592.0,inhale,27
104.127,15:00:24.932,2593.0,inhale,27
104.177,15:00:24.982,2594.0,inhale,27
104.227,15:00:25.032,2597.0,inhale,27
104.277,15:00:25.082,2598.0,inhale,27
104.327,15:00:25.132,2598.0,inhale,27
104.377,15:00:25.182,2598.0,inhale,27
104.427,15:00:25.232,2593.0,inhale,27
104.477,15:00:25.282,2589.0,inhale,27
104.527,15:00:25.332,2582.0,inhale,27
104.577,15:00:25.382,2590.0,inhale,27
104.627,15:00:25.432,2579.0,inhale,27
104.677,15:00:25.482,2576.0,inhale,27
104.727,15:00:25.532,2573.0,inhale,27
104.777,15:00:25.582,2570.0,inhale,27
104.827,15:00:25.632,2569.0,inhale,27
104.877,15:00:25.682,2569.0,inhale,27
104.927,15:00:25.732,2568.0,inhale,27
104.977,15:00:25.782,2566.0,inhale,27
105.027,15:00:25.832,2567.0,inhale,27
105.077,15:00:25.882,2568.0,inhale,27
105.127,15:00:25.932,2569.0,inhale,27
105.177,15:00:25.982,2569.0,inhale,27
105.227,15:00:26.032,2568.0,inhale,27
105.277,15:00:26.082,2568.0,inhale,27
105.327,15:00:26.132,2568.0,inhale,27
105.377,15:00:26.182,2568.0,inhale,27
105.427,15:00:26.232,2567.0,inhale,27
105.477,15:00:26.282,2570.0,inhale,27
105.527,15:00:26.332,2559.0,exhale,27
105.577,15:00:26.382,2561.0,exhale,27
105.627,15:00:26.432,2558.0,exhale,27
105.677,15:00:26.482,2556.0,exhale,27
105.727,15:00:26.532,2551.0,exhale,27
105.777,15:00:26.581,2562.0,exhale,27
105.827,15:00:26.631,2570.0,exhale,27
105.877,15:00:26.681,2564.0,exhale,27
105.927,15:00:26.732,2571.0,exhale,27
105.977,15:00:26.782,2571.0,exhale,27
106.027,15:00:26.832,2572.0,exhale,27
106.077,15:00:26.882,2562.0,exhale,27
106.127,15:00:26.932,2564.0,exhale,27
106.177,15:00:26.982,2571.0,exhale,27
106.227,15:00:27.032,2571.0,exhale,27
106.277,15:00:27.082,2575.0,exhale,27
106.327,15:00:27.132,2571.0,exhale,27
106.377,15:00:27.182,2571.0,exhale,27
106.427,15:00:27.232,2569.0,exhale,27
106.477,15:00:27.282,2569.0,exhale,27
106.527,15:00:27.332,2571.0,exhale,27
106.577,15:00:27.382,2572.0,exhale,27
106.627,15:00:27.432,2569.0,exhale,27
106.677,15:00:27.482,2568.0,exhale,27
106.727,15:00:27.532,2568.0,exhale,27
106.777,15:00:27.582,2570.0,exhale,27
106.827,15:00:27.632,2579.0,exhale,27
106.877,15:00:27.681,2582.0,exhale,27
106.927,15:00:27.732,2571.0,exhale,27
106.977,15:00:27.782,2570.0,exhale,27
107.027,15:00:27.832,2579.0,exhale,27
107.077,15:00:27.882,2571.0,exhale,27
107.127,15:00:27.932,2571.0,exhale,27
107.177,15:00:27.982,2567.0,exhale,27
107.229,15:00:28.034,2574.0,exhale,27
107.277,15:00:28.082,2574.0,exhale,27
107.327,15:00:28.132,2576.0,exhale,27
107.377,15:00:28.181,2579.0,exhale,27
107.427,15:00:28.231,2579.0,exhale,27
107.477,15:00:28.282,2583.0,exhale,27
107.527,15:00:28.332,2585.0,exhale,27
107.577,15:00:28.382,2583.0,exhale,27
107.627,15:00:28.432,2589.0,exhale,27
107.677,15:00:28.482,2585.0,exhale,27
107.727,15:00:28.532,2587.0,exhale,27
107.777,15:00:28.582,2587.0,exhale,27
107.827,15:00:28.632,2591.0,exhale,27
107.877,15:00:28.682,2590.0,exhale,27
107.927,15:00:28.732,2590.0,exhale,27
107.977,15:00:28.782,2595.0,exhale,27
108.027,15:00:28.831,2595.0,inhale,28
108.077,15:00:28.882,2598.0,inhale,28
108.127,15:00:28.932,2593.0,inhale,28
108.177,15:00:28.982,2600.0,inhale,28
108.227,15:00:29.032,2591.0,inhale,28
108.277,15:00:29.082,2598.0,inhale,28
108.332,15:00:29.137,2599.0,inhale,28
108.377,15:00:29.181,2594.0,inhale,28
108.427,15:00:29.231,2590.0,inhale,28
108.477,15:00:29.282,2588.0,inhale,28
108.527,15:00:29.331,2579.0,inhale,28
108.577,15:00:29.382,2576.0,inhale,28
108.627,15:00:29.432,2576.0,inhale,28
108.677,15:00:29.481,2578.0,inhale,28
108.727,15:00:29.531,2577.0,inhale,28
108.777,15:00:29.581,2574.0,inhale,28
108.827,15:00:29.631,2576.0,inhale,28
108.877,15:00:29.682,2568.0,inhale,28
108.927,15:00:29.732,2573.0,inhale,28
108.977,15:00:29.782,2578.0,inhale,28
109.027,15:00:29.832,2579.0,inhale,28
109.077,15:00:29.882,2580.0,inhale,28
109.127,15:00:29.931,2578.0,inhale,28
109.177,15:00:29.982,2578.0,inhale,28
109.227,15:00:30.031,2578.0,inhale,28
109.277,15:00:30.081,2572.0,inhale,28
109.327,15:00:30.131,2573.0,inhale,28
109.377,15:00:30.182,2574.0,inhale,28
109.427,15:00:30.232,2576.0,inhale,28
109.477,15:00:30.282,2575.0,inhale,28
109.527,15:00:30.332,2574.0,exhale,28
109.577,15:00:30.381,2573.0,exhale,28
109.627,15:00:30.431,2572.0,exhale,28
109.677,15:00:30.481,2575.0,exhale,28
109.727,15:00:30.531,2582.0,exhale,28
109.777,15:00:30.582,2574.0,exhale,28
109.827,15:00:30.631,2579.0,exhale,28
109.877,15:00:30.682,2580.0,exhale,28
109.927,15:00:30.732,2578.0,exhale,28
109.977,15:00:30.782,2582.0,exhale,28
110.027,15:00:30.832,2583.0,exhale,28
110.077,15:00:30.882,2584.0,exhale,28
110.129,15:00:30.934,2584.0,exhale,28
110.177,15:00:30.982,2581.0,exhale,28
110.227,15:00:31.032,2582.0,exhale,28
110.277,15:00:31.082,2589.0,exhale,28
110.327,15:00:31.132,2584.0,exhale,28
110.377,15:00:31.182,2590.0,exhale,28
110.427,15:00:31.232,2585.0,exhale,28
110.477,15:00:31.282,2580.0,exhale,28
110.527,15:00:31.332,2581.0,exhale,28
110.577,15:00:31.382,2579.0,exhale,28
110.627,15:00:31.432,2577.0,exhale,28
110.677,15:00:31.482,2577.0,exhale,28
110.727,15:00:31.532,2574.0,exhale,28
110.777,15:00:31.582,2575.0,exhale,28
110.827,15:00:31.632,2572.0,exhale,28
110.877,15:00:31.682,2574.0,exhale,28
110.927,15:00:31.732,2577.0,exhale,28
110.977,15:00:31.782,2579.0,exhale,28
111.027,15:00:31.832,2576.0,exhale,28
111.077,15:00:31.882,2580.0,exhale,28
111.127,15:00:31.932,2578.0,exhale,28
111.177,15:00:31.982,2575.0,exhale,28
111.227,15:00:32.032,2581.0,exhale,28
111.277,15:00:32.082,2583.0,exhale,28
111.327,15:00:32.132,2582.0,exhale,28
111.377,15:00:32.182,2589.0,exhale,28
111.427,15:00:32.232,2586.0,exhale,28
111.477,15:00:32.282,2586.0,exhale,28
111.527,15:00:32.332,2592.0,exhale,28
111.577,15:00:32.382,2584.0,exhale,28
111.627,15:00:32.432,2585.0,exhale,28
111.677,15:00:32.482,2586.0,exhale,28
111.727,15:00:32.532,2586.0,exhale,28
111.777,15:00:32.582,2586.0,exhale,28
111.827,15:00:32.632,2587.0,exhale,28
111.877,15:00:32.682,2589.0,exhale,28
111.927,15:00:32.731,2591.0,exhale,28
111.977,15:00:32.781,2599.0,exhale,28
112.027,15:00:32.832,2599.0,inhale,29
112.077,15:00:32.882,2596.0,inhale,29
112.127,15:00:32.932,2590.0,inhale,29
112.177,15:00:32.982,2586.0,inhale,29
112.227,15:00:33.032,2588.0,inhale,29
112.277,15:00:33.082,2592.0,inhale,29
112.327,15:00:33.132,2579.0,inhale,29
112.377,15:00:33.182,2586.0,inhale,29
112.427,15:00:33.232,2586.0,inhale,29
112.477,15:00:33.282,2584.0,inhale,29
112.527,15:00:33.332,2588.0,inhale,29
112.577,15:00:33.382,2582.0,inhale,29
112.627,15:00:33.432,2581.0,inhale,29
112.677,15:00:33.482,2574.0,inhale,29
112.727,15:00:33.532,2575.0,inhale,29
112.777,15:00:33.582,2573.0,inhale,29
112.827,15:00:33.632,2579.0,inhale,29
112.877,15:00:33.682,2578.0,inhale,29
112.927,15:00:33.732,2577.0,inhale,29
112.977,15:00:33.781,2567.0,inhale,29
113.027,15:00:33.831,2576.0,inhale,29
113.077,15:00:33.882,2577.0,inhale,29
113.127,15:00:33.932,2578.0,inhale,29
113.177,15:00:33.982,2577.0,inhale,29
113.227,15:00:34.032,2569.0,inhale,29
113.277,15:00:34.082,2576.0,inhale,29
113.327,15:00:34.132,2574.0,inhale,29
113.377,15:00:34.182,2572.0,inhale,29
113.427,15:00:34.231,2576.0,inhale,29
113.477,15:00:34.281,2577.0,inhale,29
113.527,15:00:34.331,2578.0,exhale,29
113.577,15:00:34.381,2583.0,exhale,29
113.627,15:00:34.432,2580.0,exhale,29
113.677,15:00:34.481,2580.0,exhale,29
113.727,15:00:34.531,2582.0,exhale,29
113.777,15:00:34.581,2582.0,exhale,29
113.827,15:00:34.632,2577.0,exhale,29
113.877,15:00:34.682,2585.0,exhale,29
113.927,15:00:34.732,2586.0,exhale,29
113.977,15:00:34.782,2586.0,exhale,29
114.027,15:00:34.832,2587.0,exhale,29
114.077,15:00:34.882,2585.0,exhale,29
114.127,15:00:34.931,2589.0,exhale,29
114.177,15:00:34.982,2585.0,exhale,29
114.227,15:00:35.032,2586.0,exhale,29
114.277,15:00:35.082,2586.0,exhale,29
114.327,15:00:35.132,2585.0,exhale,29
114.377,15:00:35.182,2583.0,exhale,29
114.427,15:00:35.232,2578.0,exhale,29
114.477,15:00:35.282,2579.0,exhale,29
114.527,15:00:35.332,2574.0,exhale,29
114.577,15:00:35.382,2575.0,exhale,29
114.627,15:00:35.432,2575.0,exhale,29
114.677,15:00:35.482,2574.0,exhale,29
114.727,15:00:35.531,2574.0,exhale,29
114.777,15:00:35.582,2578.0,exhale,29
114.827,15:00:35.632,2580.0,exhale,29
114.877,15:00:35.682,2582.0,exhale,29
114.927,15:00:35.732,2581.0,exhale,29
114.977,15:00:35.782,2584.0,exhale,29
115.027,15:00:35.832,2585.0,exhale,29
115.077,15:00:35.882,2586.0,exhale,29
115.127,15:00:35.932,2586.0,exhale,29
115.177,15:00:35.982,2587.0,exhale,29
115.227,15:00:36.032,2589.0,exhale,29
115.277,15:00:36.082,2597.0,exhale,29
115.327,15:00:36.132,2590.0,exhale,29
115.377,15:00:36.182,2582.0,exhale,29
115.427,15:00:36.231,2586.0,exhale,29
115.477,15:00:36.282,2591.0,exhale,29
115.527,15:00:36.332,2592.0,exhale,29
115.577,15:00:36.382,2596.0,exhale,29
115.627,15:00:36.432,2596.0,exhale,29
115.677,15:00:36.481,2597.0,exhale,29
115.727,15:00:36.532,2593.0,exhale,29
115.777,15:00:36.582,2596.0,exhale,29
115.827,15:00:36.632,2597.0,exhale,29
115.877,15:00:36.682,2598.0,exhale,29
115.927,15:00:36.732,2601.0,exhale,29
115.977,15:00:36.782,2604.0,exhale,29
116.027,15:00:36.832,2606.0,inhale,30
116.077,15:00:36.882,2611.0,inhale,30
116.127,15:00:36.932,2607.0,inhale,30
116.177,15:00:36.982,2607.0,inhale,30
116.227,15:00:37.032,2600.0,inhale,30
116.277,15:00:37.081,2604.0,inhale,30
116.327,15:00:37.132,2603.0,inhale,30
116.377,15:00:37.182,2600.0,inhale,30
116.427,15:00:37.232,2595.0,inhale,30
116.477,15:00:37.282,2599.0,inhale,30
116.527,15:00:37.332,2597.0,inhale,30
116.577,15:00:37.382,2596.0,inhale,30
116.627,15:00:37.432,2596.0,inhale,30
116.677,15:00:37.482,2599.0,inhale,30
116.727,15:00:37.532,2592.0,inhale,30
116.777,15:00:37.582,2588.0,inhale,30
116.827,15:00:37.632,2590.0,inhale,30
116.877,15:00:37.682,2583.0,inhale,30
116.927,15:00:37.732,2582.0,inhale,30
116.977,15:00:37.782,2590.0,inhale,30
117.027,15:00:37.832,2587.0,inhale,30
117.077,15:00:37.882,2590.0,inhale,30
117.127,15:00:37.932,2587.0,inhale,30
117.177,15:00:37.982,2585.0,inhale,30
117.227,15:00:38.032,2576.0,inhale,30
117.277,15:00:38.081,2582.0,inhale,30
117.327,15:00:38.131,2581.0,inhale,30
117.377,15:00:38.181,2580.0,inhale,30
117.427,15:00:38.232,2579.0,inhale,30
117.477,15:00:38.282,2578.0,inhale,30
117.527,15:00:38.332,2576.0,exhale,30
117.577,15:00:38.382,2578.0,exhale,30
117.627,15:00:38.432,2577.0,exhale,30
117.677,15:00:38.482,2574.0,exhale,30
117.727,15:00:38.532,2570.0,exhale,30
117.777,15:00:38.582,2571.0,exhale,30
117.827,15:00:38.632,2570.0,exhale,30
117.877,15:00:38.682,2573.0,exhale,30
117.927,15:00:38.732,2577.0,exhale,30
117.977,15:00:38.782,2575.0,exhale,30
118.027,15:00:38.832,2583.0,exhale,30
118.077,15:00:38.882,2582.0,exhale,30
118.127,15:00:38.932,2582.0,exhale,30
118.177,15:00:38.982,2582.0,exhale,30
118.227,15:00:39.032,2582.0,exhale,30
118.277,15:00:39.082,2580.0,exhale,30
118.327,15:00:39.132,2579.0,exhale,30
118.377,15:00:39.182,2580.0,exhale,30
118.427,15:00:39.232,2577.0,exhale,30
118.477,15:00:39.282,2576.0,exhale,30
118.527,15:00:39.332,2572.0,exhale,30
118.577,15:00:39.382,2573.0,exhale,30
118.627,15:00:39.431,2572.0,exhale,30
118.677,15:00:39.481,2576.0,exhale,30
118.727,15:00:39.531,2576.0,exhale,30
118.777,15:00:39.581,2579.0,exhale,30
118.827,15:00:39.631,2581.0,exhale,30
118.877,15:00:39.682,2574.0,exhale,30
118.927,15:00:39.732,2584.0,exhale,30
118.977,15:00:39.782,2583.0,exhale,30
119.027,15:00:39.832,2587.0,exhale,30
119.077,15:00:39.882,2587.0,exhale,30
119.127,15:00:39.932,2595.0,exhale,30
119.177,15:00:39.982,2588.0,exhale,30
119.227,15:00:40.032,2591.0,exhale,30
119.277,15:00:40.082,2591.0,exhale,30
119.327,15:00:40.132,2592.0,exhale,30
119.377,15:00:40.182,2595.0,exhale,30
119.427,15:00:40.232,2596.0,exhale,30
119.477,15:00:40.282,2598.0,exhale,30
119.527,15:00:40.332,2597.0,exhale,30
119.577,15:00:40.382,2600.0,exhale,30
119.628,15:00:40.432,2603.0,exhale,30
119.677,15:00:40.482,2605.0,exhale,30
119.727,15:00:40.532,2605.0,exhale,30
119.777,15:00:40.582,2606.0,exhale,30
119.827,15:00:40.632,2604.0,exhale,30
119.877,15:00:40.682,2607.0,exhale,30
119.927,15:00:40.732,2607.0,exhale,30
119.977,15:00:40.782,2606.0,exhale,30
120.027,15:00:40.832,2600.0,inhale,31
